Species,Max-Elevation_m,Min_Body_mass_g,Max_Body_mass_g,min-length-cm,max-length-cm,Beak.Length_Culmen,Beak.Width,Wing.Length,Mass,Trophic.Level,Trophic.Niche,Habitat,Habitat.Density,Migration,Primary.Lifestyle,Longitude,Latitude,Location,Province,Country,Continent,Years_sampling,Environment,Sites_code,Tissue,Digestion method,Temp (Degree Celcius),Identification,Number_of_species,Number_of_MP_detected_in_species,Average_weight (gm),Wing size (mm),Average_age,TNMP,Mppersp,Includes_microplastic,Level,Mpperg,ng/g,particle /mg,Size MP (mm),20-50,50-100,100-500,500-1000,>1000,Films,Foam,Fragments,Fiber/thread,Pellets,Others,Cellulose,PE,Acrylic,PP,PA,PS,PVC,Nylon,PET,PES,Rayon,Cotton,Polyacrylic,Others,Blue,Transparent/white,Yellow,Red/Brown,black,Others,total
Gallus gallus,3050 ,,2580.20 ,,,30.90 ,8.90 ,218.20 ,751.70 ,Herbivore,Omnivore,Forest,1,1,Terrestrial,72.35 ,31.33 ,,Punjab,Pakistan,Asia,2022,Farm,24,ALL,,,,24,,1.6,,42.52,1227,,N,,,,,,,,,,,,,,,,,,,,,,,,,,,,,,,,,,,,,
Gallus gallus,3050 ,,2580.20 ,,,30.90 ,8.90 ,218.20 ,751.70 ,Herbivore,Omnivore,Forest,1,1,Terrestrial,72.35 ,31.33 ,,Punjab,Pakistan,Asia,2022,Farm,,crop,,,,,,,,,429,17.8,Y,Moderate,,,,,15.69,21.08,63.23,,,1.1,,63.89,29.98,2.95,2.08,,,,,,,,,,,,,,,13.24,17.387,23.084,32.06,,14.23,100.0
Gallus gallus,3050 ,,2580.20 ,,,30.90 ,8.90 ,218.20 ,751.70 ,Herbivore,Omnivore,Forest,1,1,Terrestrial,72.35 ,31.33 ,,Punjab,Pakistan,Asia,2022,Farm,,gizzard,,,,,,,,,798,33.3,Y,Moderate,,,,,38.92,14.02,47.06,,,,,53.88,36.87,7.01,2.84,,,,,,,,,,,,,,,9.19,17.72,32.11,18.92,,22.1,100.0
Gallus gallus,3050 ,,2580.20 ,,,30.90 ,8.90 ,218.20 ,751.70 ,Herbivore,Omnivore,Forest,1,1,Terrestrial,72.35 ,31.33 ,,Punjab,Pakistan,Asia,2022,Farm,,crop,,,,,,,,,,11.5,Y,Moderate,,,,,,,,,,,,,,,,,,,,,,,,,,,,,,,,,,,,
Gallus gallus,3050 ,,2580.20 ,,,30.90 ,8.90 ,218.20 ,751.70 ,Herbivore,Omnivore,Forest,1,1,Terrestrial,72.35 ,31.33 ,,Punjab,Pakistan,Asia,2022,Farm,,crop,,,,,,,,,,17.2,Y,Moderate,,,,,,,,,,,,,,,,,,,,,,,,,,,,,,,,,,,,
Gallus gallus,3050 ,,2580.20 ,,,30.90 ,8.90 ,218.20 ,751.70 ,Herbivore,Omnivore,Forest,1,1,Terrestrial,72.35 ,31.33 ,,Punjab,Pakistan,Asia,2022,Farm,,crop,,,,,,,,,,11.5,Y,Moderate,,,,,,,,,,,,,,,,,,,,,,,,,,,,,,,,,,,,
Gallus gallus,3050 ,,2580.20 ,,,30.90 ,8.90 ,218.20 ,751.70 ,Herbivore,Omnivore,Forest,1,1,Terrestrial,72.35 ,31.33 ,,Punjab,Pakistan,Asia,2022,Farm,,crop,,,,,,,,,,14.8,Y,Moderate,,,,,,,,,,,,,,,,,,,,,,,,,,,,,,,,,,,,
Gallus gallus,3050 ,,2580.20 ,,,30.90 ,8.90 ,218.20 ,751.70 ,Herbivore,Omnivore,Forest,1,1,Terrestrial,72.35 ,31.33 ,,Punjab,Pakistan,Asia,2022,Farm,,crop,,,,,,,,,,16.2,Y,Moderate,,,,,,,,,,,,,,,,,,,,,,,,,,,,,,,,,,,,
Gallus gallus,3050 ,,2580.20 ,,,30.90 ,8.90 ,218.20 ,751.70 ,Herbivore,Omnivore,Forest,1,1,Terrestrial,72.35 ,31.33 ,,Punjab,Pakistan,Asia,2022,Farm,,crop,,,,,,,,,,26.8,Y,Moderate,,,,,,,,,,,,,,,,,,,,,,,,,,,,,,,,,,,,
Gallus gallus,3050 ,,2580.20 ,,,30.90 ,8.90 ,218.20 ,751.70 ,Herbivore,Omnivore,Forest,1,1,Terrestrial,72.35 ,31.33 ,,Punjab,Pakistan,Asia,2022,Farm,,crop,,,,,,,,,,19.3,Y,Moderate,,,,,,,,,,,,,,,,,,,,,,,,,,,,,,,,,,,,
Gallus gallus,3050 ,,2580.20 ,,,30.90 ,8.90 ,218.20 ,751.70 ,Herbivore,Omnivore,Forest,1,1,Terrestrial,72.35 ,31.33 ,,Punjab,Pakistan,Asia,2022,Farm,,gizzard,,,,,,,,,,29.0,Y,Moderate,,,,,,,,,,,,,,,,,,,,,,,,,,,,,,,,,,,,
Gallus gallus,3050 ,,2580.20 ,,,30.90 ,8.90 ,218.20 ,751.70 ,Herbivore,Omnivore,Forest,1,1,Terrestrial,72.35 ,31.33 ,,Punjab,Pakistan,Asia,2022,Farm,,gizzard,,,,,,,,,,31.4,Y,Maxmimum,,,,,,,,,,,,,,,,,,,,,,,,,,,,,,,,,,,,
Gallus gallus,3050 ,,2580.20 ,,,30.90 ,8.90 ,218.20 ,751.70 ,Herbivore,Omnivore,Forest,1,1,Terrestrial,72.35 ,31.33 ,,Punjab,Pakistan,Asia,2022,Farm,,gizzard,,,,,,,,,,18.7,Y,Moderate,,,,,,,,,,,,,,,,,,,,,,,,,,,,,,,,,,,,
Gallus gallus,3050 ,,2580.20 ,,,30.90 ,8.90 ,218.20 ,751.70 ,Herbivore,Omnivore,Forest,1,1,Terrestrial,72.35 ,31.33 ,,Punjab,Pakistan,Asia,2022,Farm,,gizzard,,,,,,,,,,44.7,Y,Maxmimum,,,,,,,,,,,,,,,,,,,,,,,,,,,,,,,,,,,,
Gallus gallus,3050 ,,2580.20 ,,,30.90 ,8.90 ,218.20 ,751.70 ,Herbivore,Omnivore,Forest,1,1,Terrestrial,72.35 ,31.33 ,,Punjab,Pakistan,Asia,2022,Farm,,gizzard,,,,,,,,,,35.1,Y,Maxmimum,,,,,,,,,,,,,,,,,,,,,,,,,,,,,,,,,,,,
Gallus gallus,3050 ,,2580.20 ,,,30.90 ,8.90 ,218.20 ,751.70 ,Herbivore,Omnivore,Forest,1,1,Terrestrial,72.35 ,31.33 ,,Punjab,Pakistan,Asia,2022,Farm,,gizzard,,,,,,,,,,32.1,Y,Maxmimum,,,,,,,,,,,,,,,,,,,,,,,,,,,,,,,,,,,,
Gallus gallus,3050 ,,2580.20 ,,,30.90 ,8.90 ,218.20 ,751.70 ,Herbivore,Omnivore,Forest,1,1,Terrestrial,72.35 ,31.33 ,,Punjab,Pakistan,Asia,2022,Farm,,gizzard,,,,,,,,,,40.1,Y,Maxmimum,,,,,,,,,,,,,,,,,,,,,,,,,,,,,,,,,,,,
Gallus gallus,3050 ,,2580.20 ,,,30.90 ,8.90 ,218.20 ,751.70 ,Herbivore,Omnivore,Forest,1,1,Terrestrial,72.35 ,31.33 ,,Punjab,Pakistan,Asia,2022,Farm,,gizzard,,,,,,,,,,35.0,Y,Maxmimum,,,,,,,,,,,,,,,,,,,,,,,,,,,,,,,,,,,,
Gallus gallus,3050 ,,2580.20 ,,,30.90 ,8.90 ,218.20 ,751.70 ,Herbivore,Omnivore,Forest,1,1,Terrestrial,-90.22 ,20.36 ,,Pucnachen,Mexico,North America,2016,Farm,,crop,,,,,,,,,,32.4,Y,Maxmimum,,,,,,,,,,,,,,,,,,,,,,,,,,,,,,,,,,,,
Gallus gallus,3050 ,,2580.20 ,,,30.90 ,8.90 ,218.20 ,751.70 ,Herbivore,Omnivore,Forest,1,1,Terrestrial,-90.22 ,20.36 ,,Pucnachen,Mexico,North America,2016,Farm,,gizzard,,,,,,,,,,57.0,Y,Maxmimum,,,,,,,,,,,,,,,,,,,,,,,,,,,,,,,,,,,,
Gallus gallus,3050 ,,2580.20 ,,,30.90 ,8.90 ,218.20 ,751.70 ,Herbivore,Omnivore,Forest,1,1,Terrestrial,-90.22 ,20.36 ,,Pucnachen,Mexico,North America,2016,Farm,,crop,,,,,,,,,,11.0,Y,Moderate,,,,,,,,,,,,,,,,,,,,,,,,,,,,,,,,,,,,
Gallus gallus,3050 ,,2580.20 ,,,30.90 ,8.90 ,218.20 ,751.70 ,Herbivore,Omnivore,Forest,1,1,Terrestrial,-90.22 ,20.36 ,,Pucnachen,Mexico,North America,2016,Farm,,gizzard,,,,,,,,,,45.8,Y,Maxmimum,,,,,,,,,,,,,,,,,,,,,,,,,,,,,,,,,,,,
Larus atricilla,,221.13 ,334.53 ,32.00 ,36.10 ,44.10 ,5.10 ,298.40 ,307.40 ,Carnivore,Aquatic predator,Marine,3,2,Aerial,-80.53 ,25.01 ,Florida Keys Wild Bird Center,Florida,United States of America,North America,,,,gizzard,,,,13,,243.85,,,,7.6,Y,Low,,,,,,,,,,,,,,,,,,,,,,,,,,,,,,,,,,,,
Pelecanus occidentalis,,2000.00 ,5000.00 ,100.00 ,137.00 ,319.50 ,38.80 ,494.60 ,3427.80 ,Carnivore,Aquatic predator,Marine,3,1,Aerial,-80.53 ,25.01 ,Florida Keys Wild Bird Center,Florida,United States of America,North America,,,,gizzard,,,,12,,2182,,,,29.9,Y,Moderate,,,,,,,,,,,,,,,,,,,,,,,,,,,,,,,,,,,,
Nannopterum auritus,2000 ,1200.00 ,2500.00 ,70.00 ,90.00 ,68.20 ,12.00 ,311.80 ,1806.50 ,Carnivore,Aquatic predator,Marine,3,2,Aquatic,-80.53 ,25.01 ,Florida Keys Wild Bird Center,Florida,United States of America,North America,,,,gizzard,,,,10,,1040,,,,9.6,Y,Low,,,,,,,,,,,,,,,,,,,,,,,,,,,,,,,,,,,,
Thalasseus maximus,100 ,,,,,73.70 ,8.40 ,363.70 ,415.30 ,Carnivore,Aquatic predator,Marine,3,3,Aerial,-80.53 ,25.01 ,Florida Keys Wild Bird Center,Florida,United States of America,North America,,,,gizzard,,,,9,,225.56,,,,9.9,Y,Low,,,,,,,,,,,,,,,,,,,,,,,,,,,,,,,,,,,,
Phalacrocorax sulcirostris,150 ,2600.00 ,3700.00 ,84.00 ,90.00 ,51.90 ,8.60 ,248.80 ,995.00 ,Carnivore,Aquatic predator,Wetland,3,1,Aquatic,106.69 ,-5.98 ,Pulau Rambut,,Indonesia,Asia,,,,GIT,,,,,,,,,,320.0,Y,Maxmimum,,,,,,,,,,,,,,,,,,,,,,,,,,,,,,,,,,,,
Anas platyrhynchos,1000 ,,1082.00 ,,,58.50 ,20.80 ,263.40 ,843.40 ,Herbivore,Herbivore aquatic,Wetland,3,2,Aquatic,71.79 ,34.77 ,Panjkora River,,Pakistan,Asia,2022,Freshwater,,crop,Binocular microscope/FTIR,,,20,,2.41,,,892,44.6,Y,Maxmimum,,,,,,,63,,,,,67,,,,,,,,,,,,,,,,,,,,,,,,
Anas platyrhynchos,1000 ,,1082.00 ,,,58.50 ,20.80 ,263.40 ,843.40 ,Herbivore,Herbivore aquatic,Wetland,3,2,Aquatic,71.79 ,34.77 ,Panjkora River,,Pakistan,Asia,2022,Freshwater,,gizzard,Binocular microscope/FTIR,,,20,,2.41,,,1141,57.1,Y,Maxmimum,,,,,55,,,,,,,58,,,,,,,,,,,,,,,,,,,,,,,,
Coragyps atratus,2800 ,2000.00 ,2700.00 ,,,60.00 ,14.80 ,410.10 ,1881.70 ,Omnivore,Scavenger,Human modified,3,2,Terrestrial,-90.52 ,19.84 ,Campeche city landfill,Campeche,Mexico,North America,2019,Terrestrial,,pellets,,,,24,,,,,225,9.4,Y,Low,,,,,,,,,,,,,,,,,,,,,,,,,,,,,,,,,,,,
Coragyps atratus,2800 ,2000.00 ,2700.00 ,,,60.00 ,14.80 ,410.10 ,1881.70 ,Omnivore,Scavenger,Human modified,3,2,Terrestrial,-90.52 ,19.84 ,Campeche city landfill,Campeche,Mexico,North America,2020,Terrestrial,,pellets,,,,34,,,,,164,6.8,Y,Low,,,,,,,,,,,,,,,,,,,,,,,,,,,,,,,,,,,,
Fulmarus glacialis,300 ,450.00 ,1000.00 ,45.00 ,50.00 ,41.30 ,11.90 ,321.10 ,611.90 ,Carnivore,Aquatic predator,Marine,3,3,Aquatic,67.23 ,62.47 ,Qaqulluit National Wildlife Area,Qikiqtarjuaq,Nunavut,,2018,Terrestrial,,Stomach,,,,,48,,,,,1.8,Y,Low,,,,,,,,,,,,,,,,,,,,,,,,,,,,,,,,,,,,
Fulmarus glacialis,300 ,450.00 ,1000.00 ,45.00 ,50.00 ,41.30 ,11.90 ,321.10 ,611.90 ,Carnivore,Aquatic predator,Marine,3,3,Aquatic,67.23 ,62.47 ,Qaqulluit National Wildlife Area,Qikiqtarjuaq,Nunavut,,2018,Terrestrial,,Fecal precursor,,,,,24,,,,,0.89,Y,Low,,,,,,,,,,,,,,,,,,,,,,,,,,,,,,,,,,,,
Uria lomvia,,750.00 ,1481.00 ,,45.00 ,49.30 ,8.60 ,206.80 ,964.00 ,Carnivore,Aquatic predator,Marine,3,3,Aquatic,66.93 ,61.77 ,Akpait National Wildlife area,Qikiqtarjuaq,Nunavat,,2018,Terrestrial,,Fecal precursor,,,,,10,,,,,0.33,Y,Low,,,,,,,,,,,,,,,,,,,,,,,,,,,,,,,,,,,,
Sterna hirundo,4000 ,,120.00 ,,37.00 ,44.50 ,3.80 ,253.30 ,129.20 ,Carnivore,Aquatic predator,Marine,3,3,Aerial,-70.63 ,42.97 ,White and Seavey Island,,United States of America,North America,2019,,,,,,,,,,,,,,N,,,,,,,,,,,,,,,,,,,,,,,,,,,,,,,,,,,,,
Sterna dougallii,18 ,265.00 ,365.00 ,40.00 ,50.00 ,45.30 ,3.60 ,223.80 ,112.00 ,Carnivore,Aquatic predator,Marine,3,3,Aerial,-70.01 ,41.54 ,Monomoy National Wildlife Refuge,,United States of America,North America,2019,,,,,,,,,,,,,,N,,,,,,,,,,,,,,,,,,,,,,,,,,,,,,,,,,,,,
Sterna dougallii,18 ,265.00 ,365.00 ,40.00 ,50.00 ,45.30 ,3.60 ,223.80 ,112.00 ,Carnivore,Aquatic predator,Marine,3,3,Aerial,-74.21 ,39.64 ,Barnegat Bay Islands,,United States of America,North America,2019,,,,,,,,,,,,,,N,,,,,,,,,,,,,,,,,,,,,,,,,,,,,,,,,,,,,
Ciconia ciconia,3500 ,5000.00 ,10000.00 ,100.00 ,115.00 ,189.10 ,23.50 ,565.60 ,3445.80 ,Carnivore,Omnivore,Grassland,3,3,Terrestrial,-6.14 ,36.59 ,Cadiz Bay,Cadiz,Spain,Europe,2021,,Salt ponds,,,,,22,,,,,,,N,,,,,,,,,,,,,,,,,,,,,,,,,,,,,,,,,,,,,
Ciconia ciconia,3500 ,5000.00 ,10000.00 ,100.00 ,115.00 ,189.10 ,23.50 ,565.60 ,3445.80 ,Carnivore,Omnivore,Grassland,3,3,Terrestrial,-6.14 ,36.59 ,Cadiz Bay,Cadiz,Spain,Europe,2022,,evaporation ponds,,,,,20,,,,,,,N,,,,,,,,,,,,,,,,,,,,,,,,,,,,,,,,,,,,,
Buteo lineatus,2500 ,500.00 ,700.00 ,43.00 ,61.00 ,33.10 ,11.80 ,319.00 ,603.70 ,Carnivore,Vertivore,Woodland,1,3,Aerial,-81.74 ,28.42 ,"Audubon Center, Maitland",Florida,USA,North America,2018,,,26.26,,,,28,,,,,,24.03,Y,Moderate,,,,,,,,,,,,,,,,,,,,,,,,,,,,,,,,,,,,
Pandion haliaetus,1000 ,1200.00 ,2000.00 ,55.00 ,58.00 ,47.00 ,17.30 ,468.40 ,1483.20 ,Carnivore,Aquatic predator,Marine,3,3,Aerial,-81.74 ,28.42 ,"Audubon Center, Maitland",Florida,USA,North America,2018,,,56.47,,,,16,,,,,,19.26,Y,Moderate,,,,,,,,,,,,,,,,,,,,,,,,,,,,,,,,,,,,
Strix varia,3100 ,630.00 ,800.00 ,48.00 ,51.00 ,38.80 ,11.20 ,341.20 ,711.50 ,Carnivore,Vertivore,Forest,2,1,Insessorial,-81.74 ,28.42 ,"Audubon Center, Maitland",Florida,USA,North America,2018,,,,,,,8,,,,,,6.14,Y,Low,,,,,,,,,,,,,,,,,,,,,,,,,,,,,,,,,,,,
Megascops asio,1500 ,600.00 ,1000.00 ,96.00 ,154.00 ,22.00 ,6.40 ,168.50 ,180.00 ,Carnivore,Invertivore,Woodland,2,1,Insessorial,-81.74 ,28.42 ,"Audubon Center, Maitland",Florida,USA,North America,2018,,,,,,,4,,,,,,9.82,Y,Low,,,,,,,,,,,,,,,,,,,,,,,,,,,,,,,,,,,,
Coragyps atratus,2800 ,2000.00 ,2700.00 ,,,60.00 ,14.80 ,410.10 ,1881.70 ,Omnivore,Scavenger,Human modified,3,2,Terrestrial,-81.74 ,28.42 ,"Audubon Center, Maitland",Florida,USA,North America,2018,,,,,,,2,,,,,,9.32,Y,Low,,,,,,,,,,,,,,,,,,,,,,,,,,,,,,,,,,,,
Cathartes aura,4300 ,850.00 ,2000.00 ,64.00 ,81.00 ,51.50 ,14.30 ,508.50 ,1518.20 ,Scavenger,Scavenger,Human modified,3,2,Terrestrial,-81.74 ,28.42 ,"Audubon Center, Maitland",Florida,USA,North America,2018,,,,,,,2,,,,,,17.66,Y,Moderate,,,,,,,,,,,,,,,,,,,,,,,,,,,,,,,,,,,,
Buteo jamaicensis,3200 ,795.00 ,1224.00 ,45.00 ,65.00 ,37.60 ,14.40 ,402.80 ,1101.20 ,Carnivore,Vertivore,Woodland,2,3,Insessorial,-81.74 ,28.42 ,"Audubon Center, Maitland",Florida,USA,North America,2018,,,,,,,2,,,,,,0.16,Y,Low,,,,,,,,,,,,,,,,,,,,,,,,,,,,,,,,,,,,
Accipiter cooperii,3480 ,280.00 ,566.00 ,35.00 ,50.00 ,25.40 ,8.60 ,241.20 ,429.70 ,Carnivore,Vertivore,Woodland,2,3,Aerial,-81.74 ,28.42 ,"Audubon Center, Maitland",Florida,USA,North America,2018,,,,,,,1,,,,,,8.66,Y,Low,,,,,,,,,,,,,,,,,,,,,,,,,,,,,,,,,,,,
Sterna hirundo,4000 ,,120.00 ,,37.00 ,44.50 ,3.80 ,253.30 ,129.20 ,Carnivore,Aquatic predator,Marine,3,3,Aerial,-56.77 ,-36.29 ,Punta Rasa,Bahia Samborombom,Buenos Aires,South America,2020,,,GIT,,,,10,,,,,82,,N,,,,,,,,,,,,,,,,,,,,,,,,,,,,,,,,,,,,,
Sterna hirundo,4000 ,,120.00 ,,37.00 ,44.50 ,3.80 ,253.30 ,129.20 ,Carnivore,Aquatic predator,Marine,3,3,Aerial,-56.77 ,-36.29 ,Punta Rasa,Bahia Samborombom,Buenos Aires,South America,2020,,,RP,,,,53,,,,,28,,N,,,,,,,,,,,,,,,,,,,,,,,,,,,,,,,,,,,,,
Corvus splendens,,,,,,49.70 ,13.90 ,258.20 ,292.60 ,Omnivore,Omnivore,Human modified,3,1,Terrestrial,78.16 ,11.65 ,Salem,Tamil Nadu,India,Asia,2021,,,,,,,,,,,,264,2.64,Y,Low,,,,,,,,,,,,,,,,,,,,,,,,,,,,,,,,,,,,
Fulmarus glacialis,300 ,450.00 ,1000.00 ,45.00 ,50.00 ,41.30 ,11.90 ,321.10 ,611.90 ,Carnivore,Aquatic predator,Marine,3,3,Aquatic,17.73 ,79.31 ,Kongsfjorden,,,Europe,1997,Marine,ALL,,,,,43,,,,,,10.3,Y,Moderate,,,,,,,,,,,,,,,,,,,,,,,,,,,,,,,,,,,,
Fulmarus glacialis,300 ,450.00 ,1000.00 ,45.00 ,50.00 ,41.30 ,11.90 ,321.10 ,611.90 ,Carnivore,Aquatic predator,Marine,3,3,Aquatic,17.73 ,79.31 ,Kongsfjorden,,,Europe,1997,Marine,Male,,,,,20,,,,,,7.1,Y,Low,,,,,,,,,,,,,,,,,,,,,,,,,,,,,,,,,,,,
Fulmarus glacialis,300 ,450.00 ,1000.00 ,45.00 ,50.00 ,41.30 ,11.90 ,321.10 ,611.90 ,Carnivore,Aquatic predator,Marine,3,3,Aquatic,17.73 ,79.31 ,Kongsfjorden,,,Europe,1997,Marine,Female,,,,,23,,,,,,13.1,Y,Moderate,,,,,,,,,,,,,,,,,,,,,,,,,,,,,,,,,,,,
Fulmarus,300 ,450.00 ,1000.00 ,45.00 ,50.00 ,41.30 ,11.90 ,321.10 ,611.90 ,Carnivore,Aquatic predator,Marine,3,3,Aquatic,18.99 ,74.50 ,"Herwighamna, Bjornoya",Svalbard,,Europe,2019,,,,,,,22,,,,,36,1.6,Y,Low,,,,,,,,,,,,,,,,,,,,,,,,,,,,,,,,,,,,
Turdus merula,2300 ,80.00 ,125.00 ,,25.00 ,28.50 ,5.30 ,128.40 ,102.70 ,Omnivore,Omnivore,Forest,2,1,Generalist,23.04 ,53.32 ,Podlaskie Voivodeship,,Poland,Europe,2020,Terrestrial,,,,,,16,,,,,351,40.11,Y,Maxmimum,,,,,,,,,,,,,,,,,,,,,,,,,,,,,,,,,,,,
Turdus philomelos,2800 ,,,,,23.10 ,5.00 ,116.00 ,67.70 ,Omnivore,Invertivore,Forest,1,3,Generalist,23.04 ,53.32 ,Podlaskie Voivodeship,,Poland,Europe,2020,Terrestrial,,,,,,18,,,,,722,21.94,Y,Moderate,,,,,,,,,,,,,,,,,,,,,,,,,,,,,,,,,,,,
Leucocarbo bougainvillii,,,,,,69.70 ,11.00 ,292.80 ,2485.00 ,Carnivore,Aquatic predator,Marine,3,1,Aquatic,-80.71 ,-6.94 ,,,,,2019,,,RP,,,,276,,,,,26,,N,,,,,,,,,,,,,,,,,,,,,,,,,,,,,,,,,,,,,
Leucocarbo bougainvillii,,,,,,69.70 ,11.00 ,292.80 ,2485.00 ,Carnivore,Aquatic predator,Marine,3,1,Aquatic,-77.74 ,-11.38 ,Isla Mazorca,,,,2019,,,RP,,,,198,,,,,68,,N,,,,,,,,,,,,,,,,,,,,,,,,,,,,,,,,,,,,,
Leucocarbo bougainvillii,,,,,,69.70 ,11.00 ,292.80 ,2485.00 ,Carnivore,Aquatic predator,Marine,3,1,Aquatic,-77.26 ,-11.78 ,Isla Psecadores,,,,2019,,,RP,,,,280,,,,,51,,N,,,,,,,,,,,,,,,,,,,,,,,,,,,,,,,,,,,,,
Leucocarbo bougainvillii,,,,,,69.70 ,11.00 ,292.80 ,2485.00 ,Carnivore,Aquatic predator,Marine,3,1,Aquatic,-77.26 ,-11.78 ,Isla Psecadores,,,,2019,,,RP,,,,443,,,,,92,,N,,,,,,,,,,,,,,,,,,,,,,,,,,,,,,,,,,,,,
Leucocarbo bougainvillii,,,,,,69.70 ,11.00 ,292.80 ,2485.00 ,Carnivore,Aquatic predator,Marine,3,1,Aquatic,-76.62 ,-12.79 ,Isla Asia,,,,2019,,,RP,,,,233,,,,,11,,N,,,,,,,,,,,,,,,,,,,,,,,,,,,,,,,,,,,,,
Leucocarbo bougainvillii,,,,,,69.70 ,11.00 ,292.80 ,2485.00 ,Carnivore,Aquatic predator,Marine,3,1,Aquatic,-75.19 ,-15.37 ,Punta San Juan,,,,2019,,,RP,,,,230,,,,,1,,N,,,,,,,,,,,,,,,,,,,,,,,,,,,,,,,,,,,,,
Cinclus cinclus,,,64.00 ,,18.00 ,22.10 ,3.40 ,88.90 ,61.50 ,Carnivore,Aquatic predator,Reverine,3,1,Generalist,-3.32 ,51.57 ,South Wales,,,,2017,,,Fecal,,,,29,,,,,,1.3,Y,Low,,,,,,,,,,,,,,,,,,,,,,,,,,,,,,,,,,,,
Cinclus cinclus,,,64.00 ,,18.00 ,22.10 ,3.40 ,88.90 ,61.50 ,Carnivore,Aquatic predator,Reverine,3,1,Generalist,-3.32 ,51.57 ,South Wales,,,,2017,,,RP,,,,16,,,,,,1.7,Y,Low,,,,,,,,,,,,,,,,,,,,,,,,,,,,,,,,,,,,
Cinclus cinclus,,,64.00 ,,18.00 ,22.10 ,3.40 ,88.90 ,61.50 ,Carnivore,Aquatic predator,Reverine,3,1,Generalist,-3.32 ,51.57 ,South Wales,,,,2018,,,Fecal,,,,49,,,,,,0.5,Y,Low,,,,,,,,,,,,,,,,,,,,,,,,,,,,,,,,,,,,
Cinclus cinclus,,,64.00 ,,18.00 ,22.10 ,3.40 ,88.90 ,61.50 ,Carnivore,Aquatic predator,Reverine,3,1,Generalist,-3.32 ,51.57 ,South Wales,,,,2018,,,RP,,,,58,,,,,,0.9,Y,Low,,,,,,,,,,,,,,,,,,,,,,,,,,,,,,,,,,,,
Cinclus cinclus,,,64.00 ,,18.00 ,22.10 ,3.40 ,88.90 ,61.50 ,Carnivore,Aquatic predator,Reverine,3,1,Generalist,-3.32 ,51.57 ,South Wales,,,,2018,,,Fecal,,,,14,,,,,,0.6,Y,Low,,,,,,,,,,,,,,,,,,,,,,,,,,,,,,,,,,,,
Ptychoramphus aleuticus,100 ,,,,,24.00 ,6.60 ,121.00 ,184.00 ,Carnivore,Aquatic predator,Marine,3,3,Aquatic,-124.01 ,46.95 ,Northern Pacific Coast,,,,2014,,Juvenile,,,,,14,,,,,,5.43,Y,Low,,,,,,,,,,,,,,,,,,,,,,,,,,,,,,,,,,,,
Ptychoramphus aleuticus,100 ,,,,,24.00 ,6.60 ,121.00 ,184.00 ,Carnivore,Aquatic predator,Marine,3,3,Aquatic,-124.01 ,46.95 ,Northern Pacific Coast,,,,2014,,Sub-adult,,,,,21,,,,,,6.57,Y,Low,,,,,,,,,,,,,,,,,,,,,,,,,,,,,,,,,,,,
Ptychoramphus aleuticus,100 ,,,,,24.00 ,6.60 ,121.00 ,184.00 ,Carnivore,Aquatic predator,Marine,3,3,Aquatic,-124.01 ,46.95 ,Northern Pacific Coast,,,,2014,,Adult,,,,,34,,,,,,5.38,Y,Low,,,,,,,,,,,,,,,,,,,,,,,,,,,,,,,,,,,,
Pygoscelis adeliae,,3.62 ,4.99 ,,69.85 ,59.70 ,12.90 ,94.50 ,4847.70 ,Carnivore,Aquatic predator,Marine,3,2,Aquatic,-57.73 ,-63.39 ,Antartica Peninsula,,,,2016,,,Scat,,,,20,,,,,3,0.15,Y,Low,,,,,,,,,,,,,,,,,,,,,,,,,,,,,,,,,,,,
Pygoscelis antarcticus,,3000.00 ,5000.00 ,,,61.80 ,14.80 ,100.50 ,4146.10 ,Carnivore,Aquatic predator,Marine,3,2,Aquatic,-57.73 ,-63.39 ,Antartica Peninsula,,,,2016,,,Scat,,,,57,,,,,18,0.31,Y,Low,,,,,,,,,,,,,,,,,,,,,,,,,,,,,,,,,,,,
Pygoscelis papua,,4500.00 ,8500.00 ,70.00 ,95.00 ,64.80 ,12.40 ,126.10 ,5933.00 ,Carnivore,Aquatic predator,Marine,3,2,Aquatic,-57.73 ,-63.39 ,Antartica Peninsula,,,,2016,,,Scat,,,,240,,,,,71,0.29,Y,Low,,,,,,,,,,,,,,,,,,,,,,,,,,,,,,,,,,,,
Uria aalge,,945.00 ,1044.00 ,,,56.80 ,8.10 ,196.30 ,991.90 ,Carnivore,Aquatic predator,Marine,3,3,Aquatic,-2.94 ,44.74 ,Bay of Biscay,,,,2014,,,,,,,61,,,,,,0.15,Y,Low,,,,,,,,,,,,,,,,,,,,,,,,,,,,,,,,,,,,
Morus bassanus,200 ,2470.00 ,3610.00 ,92.50 ,110.00 ,98.70 ,24.80 ,485.80 ,2998.70 ,Carnivore,Aquatic predator,Marine,3,2,Aerial,-2.94 ,44.74 ,Bay of Biscay,,,,2014,,,,,,,44,,,,,,0.3,Y,Low,,,,,,,,,,,,,,,,,,,,,,,,,,,,,,,,,,,,
Fratercula arctica,,,500.00 ,,18.00 ,51.00 ,8.70 ,163.60 ,593.00 ,Carnivore,Aquatic predator,Marine,3,3,Aquatic,-2.94 ,44.74 ,Bay of Biscay,,,,2014,,,,,,,11,,,,,,0.27,Y,Low,,,,,,,,,,,,,,,,,,,,,,,,,,,,,,,,,,,,
Rissa tridactyla,,,317.00 ,,,44.50 ,5.30 ,301.00 ,416.00 ,Carnivore,Aquatic predator,Marine,3,2,Aerial,-2.94 ,44.74 ,Bay of Biscay,,,,2014,,,,,,,9,,,,,,0.78,Y,Low,,,,,,,,,,,,,,,,,,,,,,,,,,,,,,,,,,,,
Larus argentatus,2000 ,800.00 ,1250.00 ,56.00 ,66.00 ,74.00 ,8.90 ,430.00 ,1091.00 ,Carnivore,Aquatic predator,Coastal,3,2,Generalist,-2.94 ,44.74 ,Bay of Biscay,,,,2014,,,,,,,7,,,,,,0.14,Y,Low,,,,,,,,,,,,,,,,,,,,,,,,,,,,,,,,,,,,
Larus ridibundus,,195.00 ,325.00 ,,,43.40 ,4.00 ,291.20 ,284.00 ,Carnivore,Aquatic predator,Wetland,3,2,Generalist,-2.94 ,44.74 ,Bay of Biscay,,,,2014,,,,,,,3,,,,,,0.33,Y,Low,,,,,,,,,,,,,,,,,,,,,,,,,,,,,,,,,,,,
Fulmarus glacialis,300 ,450.00 ,1000.00 ,45.00 ,50.00 ,41.30 ,11.90 ,321.10 ,611.90 ,Carnivore,Aquatic predator,Marine,3,3,Aquatic,-2.94 ,44.74 ,Bay of Biscay,,,,2014,,,,,,,2,,,,,,32.5,Y,Low,,,,,,,,,,,,,,,,,,,,,,,,,,,,,,,,,,,,
Puffinus mauretanicus,,,,,,45.10 ,7.70 ,242.20 ,497.00 ,Carnivore,Aquatic predator,Marine,3,2,Generalist,-2.94 ,44.74 ,Bay of Biscay,,,,2014,,,,,,,1,,,,,,5,Y,Low,,,,,,,,,,,,,,,,,,,,,,,,,,,,,,,,,,,,
Ardenna gravis,600 ,715.00 ,950.00 ,,,54.70 ,8.30 ,317.80 ,849.00 ,Carnivore,Aquatic predator,Marine,3,3,Aerial,-2.94 ,44.74 ,Bay of Biscay,,,,2014,,,,,,,1,,,,,,8,Y,Low,,,,,,,,,,,,,,,,,,,,,,,,,,,,,,,,,,,,
Tachycineta bicolor,50 ,,19.00 ,,14.00 ,10.80 ,3.80 ,115.90 ,21.20 ,Carnivore,Invertivore,Wetland,3,3,Aerial,-87.97 ,43.29 ,"cedar Creek, Cedarburg",,United states,North America,2018,,,GIT,,,,,,,,,,5.2,Y,Low,,,,,,,,,,,,,,,,,,,,,,,,,,,,,,,,,,,,
Tachycineta bicolor,50 ,,19.00 ,,14.00 ,10.80 ,3.80 ,115.90 ,21.20 ,Carnivore,Invertivore,Wetland,3,3,Aerial,-87.90 ,43.09 ,Estabrook Park,,United states,North America,2018,,,GIT,,,,,,,,,,10.4,Y,Moderate,,,,,,,,,,,,,,,,,,,,,,,,,,,,,,,,,,,,
Tachycineta bicolor,50 ,,19.00 ,,14.00 ,10.80 ,3.80 ,115.90 ,21.20 ,Carnivore,Invertivore,Wetland,3,3,Aerial,-87.99 ,43.04 ,"Honey creek, Milwaukee",,United states,North America,2018,,,GIT,,,,,,,,,,5.6,Y,Low,,,,,,,,,,,,,,,,,,,,,,,,,,,,,,,,,,,,
Tachycineta bicolor,50 ,,19.00 ,,14.00 ,10.80 ,3.80 ,115.90 ,21.20 ,Carnivore,Invertivore,Wetland,3,3,Aerial,-87.91 ,43.00 ,"Kinnickinnic River, Miwaukee",,United states,North America,2018,,,GIT,,,,,,,,,,6,Y,Low,,,,,,,,,,,,,,,,,,,,,,,,,,,,,,,,,,,,
Tachycineta bicolor,50 ,,19.00 ,,14.00 ,10.80 ,3.80 ,115.90 ,21.20 ,Carnivore,Invertivore,Wetland,3,3,Aerial,-87.93 ,43.11 ,"Lincoln Park, Milwaukee",,United states,North America,2018,,,GIT,,,,,,,,,,5.3,Y,Low,,,,,,,,,,,,,,,,,,,,,,,,,,,,,,,,,,,,
Tachycineta bicolor,50 ,,19.00 ,,14.00 ,10.80 ,3.80 ,115.90 ,21.20 ,Carnivore,Invertivore,Wetland,3,3,Aerial,-87.89 ,43.03 ,"Lakeshore State Park, Milwaukee",,United states,North America,2018,,,GIT,,,,,,,,,,7.3,Y,Low,,,,,,,,,,,,,,,,,,,,,,,,,,,,,,,,,,,,
Tachycineta bicolor,50 ,,19.00 ,,14.00 ,10.80 ,3.80 ,115.90 ,21.20 ,Carnivore,Invertivore,Wetland,3,3,Aerial,-87.89 ,43.06 ,"North Avenue, Milwaukee",,United states,North America,2018,,,GIT,,,,,,,,,,2.3,Y,Low,,,,,,,,,,,,,,,,,,,,,,,,,,,,,,,,,,,,
Tachycineta bicolor,50 ,,19.00 ,,14.00 ,10.80 ,3.80 ,115.90 ,21.20 ,Carnivore,Invertivore,Wetland,3,3,Aerial,-89.47 ,46.02 ,"Star Lake, Sayner",,United states,North America,2018,,,GIT,,,,,,,,,,8.4,Y,Low,,,,,,,,,,,,,,,,,,,,,,,,,,,,,,,,,,,,
Tachycineta bicolor,50 ,,19.00 ,,14.00 ,10.80 ,3.80 ,115.90 ,21.20 ,Carnivore,Invertivore,Wetland,3,3,Aerial,-87.94 ,43.03 ,"Ursa Logistics, Milwaukee",,United states,North America,2018,,,GIT,,,,,,,,,,2.2,Y,Low,,,,,,,,,,,,,,,,,,,,,,,,,,,,,,,,,,,,
Leiothlypis peregrina,,7.30 ,18.40 ,,12.00 ,10.90 ,3.10 ,62.50 ,8.90 ,Carnivore,Invertivore,Forest,1,3,Insessorial,-87.66 ,42.00 ,Loyola University Chicago,,United states,North America,2018,,,GIT,,,,,,,,,,19,Y,Moderate,,,,,,,,,,,,,,,,,,,,,,,,,,,,,,,,,,,,
Junco hyemalis,3000 ,,19.00 ,12.50 ,16.50 ,11.60 ,4.50 ,75.20 ,19.50 ,Herbivore,Granivore,Forest,2,3,Generalist,-87.66 ,42.00 ,Loyola University Chicago,,United states,North America,2018,,,GIT,,,,,,,,,,13.7,Y,Moderate,,,,,,,,,,,,,,,,,,,,,,,,,,,,,,,,,,,,
Catharus guttatus,,,27.80 ,,17.20 ,18.80 ,3.40 ,89.00 ,30.10 ,Omnivore,Invertivore,Forest,1,3,Generalist,-87.66 ,42.00 ,Loyola University Chicago,,United states,North America,2018,,,GIT,,,,,,,,,,35.3,Y,Maxmimum,,,,,,,,,,,,,,,,,,,,,,,,,,,,,,,,,,,,
Zonotrichia albicollis,,,26.00 ,,17.00 ,13.60 ,5.10 ,72.80 ,24.40 ,Herbivore,Omnivore,Woodland,2,3,Terrestrial,-87.66 ,42.00 ,Loyola University Chicago,,United states,North America,2018,,,GIT,,,,,,,,,,19.3,Y,Moderate,,,,,,,,,,,,,,,,,,,,,,,,,,,,,,,,,,,,
Seiurus aurocapilla,1475 ,,21.00 ,,,15.10 ,3.60 ,73.20 ,18.80 ,Carnivore,Invertivore,Forest,1,3,Terrestrial,-87.66 ,42.00 ,Loyola University Chicago,,United states,North America,2018,,,GIT,,,,,,,,,,10,Y,Low,,,,,,,,,,,,,,,,,,,,,,,,,,,,,,,,,,,,
Anser caerulescens,2500 ,1606.00 ,3307.00 ,,70.00 ,61.80 ,19.40 ,411.80 ,2636.20 ,Herbivore,Herbivore aquatic,Grassland,3,3,Terrestrial,-78.01 ,66.47 ,,,Canada,,2015,Freshwater,,,,,,47,,,,,,0.02,Y,Low,,,,,,,,,,,,,,,,,,,,,,,,,,,,,,,,,,,,
Branta canadensis,2000 ,3000.00 ,10009.00 ,76.00 ,110.00 ,50.00 ,19.90 ,422.90 ,2811.70 ,Herbivore,Herbivore terrestrial,Grassland,3,3,Terrestrial,-78.01 ,66.47 ,,,Canada,,2015,Freshwater,,,,,,43,,,,,,0.05,Y,Low,,,,,,,,,,,,,,,,,,,,,,,,,,,,,,,,,,,,
Mareca americana,,665.00 ,1330.00 ,45.00 ,58.00 ,44.90 ,16.00 ,253.20 ,754.60 ,Herbivore,Omnivore,Wetland,3,3,Terrestrial,-78.01 ,66.47 ,,,Canada,,2015,Freshwater,,,,,,32,,,,,,0.06,Y,Low,,,,,,,,,,,,,,,,,,,,,,,,,,,,,,,,,,,,
Anas platyrhynchos,1000 ,,1082.00 ,,,58.50 ,20.80 ,263.40 ,843.40 ,Herbivore,Herbivore aquatic,Wetland,3,2,Aquatic,-78.01 ,66.47 ,,,Canada,,2015,Freshwater,,,,,,120,,,,,,0.07,Y,Low,,,,,,,,,,,,,,,,,,,,,,,,,,,,,,,,,,,,
Anas acuta,,454.00 ,1362.00 ,,,48.10 ,14.50 ,256.70 ,944.60 ,Herbivore,Herbivore aquatic,Aquatic,3,3,Aquatic,-78.01 ,66.47 ,,,Canada,,2015,Freshwater,,,,,,10,,,,,,0.1,Y,Low,,,,,,,,,,,,,,,,,,,,,,,,,,,,,,,,,,,,
Melanitta deglandi,,,,,,46.80 ,27.20 ,270.00 ,1800.20 ,Carnivore,Aquatic predator,Wetland,3,3,Aquatic,-78.01 ,66.47 ,,,Canada,,2015,Freshwater,,,,,,16,,,,,,0.06,Y,Low,,,,,,,,,,,,,,,,,,,,,,,,,,,,,,,,,,,,
Somateria mollissima,,850.00 ,3025.00 ,53.00 ,60.00 ,62.10 ,19.10 ,280.20 ,2060.90 ,Carnivore,Aquatic predator,Marine,3,2,Aquatic,-78.01 ,66.47 ,,,Canada,,2015,Freshwater,,,,,,40,,,,,,0.02,Y,Low,,,,,,,,,,,,,,,,,,,,,,,,,,,,,,,,,,,,
Gavia adamsii,500 ,4000.00 ,6400.00 ,83.80 ,92.00 ,104.80 ,10.40 ,371.40 ,4944.30 ,Carnivore,Aquatic predator,Wetland,3,3,Aquatic,-78.01 ,66.47 ,,,Canada,,2015,Freshwater,,,,,,3,,,,,,0.33,Y,Low,,,,,,,,,,,,,,,,,,,,,,,,,,,,,,,,,,,,
Puffinus newelli,1200 ,,,,,42.70 ,7.00 ,241.00 ,350.80 ,Carnivore,Aquatic predator,Marine,3,2,Generalist,-159.53 ,22.06 ,Island of Kauai,,United States of America,North America,2013,,,GIT,,,,30,15,,,,,1.2,Y,Low,,,,,,,,,,,,,,,,,,,,,,,,,,,,,,,,,,,,
Ardenna pacifica,,,,,,40.90 ,7.90 ,296.80 ,388.00 ,Carnivore,Aquatic predator,Marine,3,3,Generalist,-159.53 ,22.06 ,Island of Kauai,,United States of America,North America,2013,,,GIT,,,,13,13,,,,,2.38,Y,Low,,,,,,,,,,,,,,,,,,,,,,,,,,,,,,,,,,,,
Ardenna pacifica,,,,,,40.90 ,7.90 ,296.80 ,388.00 ,Carnivore,Aquatic predator,Marine,3,3,Generalist,-159.53 ,22.06 ,Island of Kauai,,United States of America,North America,2014,,,GIT,,,,19,19,,,,,3.68,Y,Low,,,,,,,,,,,,,,,,,,,,,,,,,,,,,,,,,,,,
Ardenna carneipes,,,,,,47.80 ,8.90 ,310.20 ,609.00 ,Carnivore,Aquatic predator,Marine,3,3,Aerial,148.08 ,-42.17 ,Lord Howe Island,,Australia,Oceania,2021,,,,,,,18,,,,,271,,N,,,,,,,,,,,,,,,,,,,,,,,,,,,,,,,,,,,,,
Ardenna tenuirostris,,,,,,37.20 ,6.50 ,262.20 ,559.00 ,Carnivore,Aquatic predator,Marine,3,3,Generalist,148.08 ,-42.17 ,Tasmania,,Australia,Oceania,2021,,,,,,,14,,,,,57,,N,,,,,,,,,,,,,,,,,,,,,,,,,,,,,,,,,,,,,
Hydrobates monorhis,,,,,,16.50 ,3.00 ,152.60 ,39.80 ,Carnivore,Aquatic predator,Marine,3,3,Aerial,125.79 ,34.79 ,Chilbal Island,,South Korea,Asia,2014,,Adult,,,,,61,,,,,916,15.2,Y,Moderate,,,,,,,,,,,,,,,,,,,,,,,,,,,,,,,,,,,,
Hydrobates monorhis,,,,,,16.50 ,3.00 ,152.60 ,39.80 ,Carnivore,Aquatic predator,Marine,3,3,Aerial,125.79 ,34.79 ,Chilbal Island,,South Korea,Asia,2014,,Fledglings,,,,,57,,,,,1393,24.3,Y,Moderate,,,,,,,,,,,,,,,,,,,,,,,,,,,,,,,,,,,,
Ardenna carneipes,,,,,,47.80 ,8.90 ,310.20 ,609.00 ,Carnivore,Aquatic predator,Marine,3,3,Aerial,159.09 ,-31.55 ,Lord Howe Island,,United Kingdom,Europe,2017,,,,,,,,,,,,,,N,,,,,,,,,,,,,,,,,,,,,,,,,,,,,,,,,,,,,
Ardenna carneipes,,,,,,47.80 ,8.90 ,310.20 ,609.00 ,Carnivore,Aquatic predator,Marine,3,3,Aerial,159.09 ,-31.55 ,Lord Howe Island,,United Kingdom,Europe,2018,,,,,,,,,,,,,,N,,,,,,,,,,,,,,,,,,,,,,,,,,,,,,,,,,,,,
Tyto alba,4000 ,430.00 ,620.00 ,32.00 ,40.00 ,32.00 ,8.50 ,280.20 ,403.30 ,Carnivore,Vertivore,Human modified,3,1,Insessorial,-120.66 ,35.30 ,California’s central coast,,United States of America,,,,,,,,,,,,,,20,,N,,,,,,,,,,,,,,,,,,,,,,,,,,,,,,,,,,,,,
Tyto alba,4000 ,430.00 ,620.00 ,32.00 ,40.00 ,32.00 ,8.50 ,280.20 ,403.30 ,Carnivore,Vertivore,Human modified,3,1,Insessorial,-120.66 ,35.30 ,California’s central coast,,United States of America,,,,,,,,,,,,,,12,,N,,,,,,,,,,,,,,,,,,,,,,,,,,,,,,,,,,,,,
Tyto alba,4000 ,430.00 ,620.00 ,32.00 ,40.00 ,32.00 ,8.50 ,280.20 ,403.30 ,Carnivore,Vertivore,Human modified,3,1,Insessorial,-120.66 ,35.30 ,California’s central coast,,United States of America,,,,,,,,,,,,,,6,,N,,,,,,,,,,,,,,,,,,,,,,,,,,,,,,,,,,,,,
Tyto alba,4000 ,430.00 ,620.00 ,32.00 ,40.00 ,32.00 ,8.50 ,280.20 ,403.30 ,Carnivore,Vertivore,Human modified,3,1,Insessorial,-120.66 ,35.30 ,California’s central coast,,United States of America,,,,,,,,,,,,,,16,,N,,,,,,,,,,,,,,,,,,,,,,,,,,,,,,,,,,,,,
Tyto alba,4000 ,430.00 ,620.00 ,32.00 ,40.00 ,32.00 ,8.50 ,280.20 ,403.30 ,Carnivore,Vertivore,Human modified,3,1,Insessorial,-120.66 ,35.30 ,California’s central coast,,United States of America,,,,,,,,,,,,,,4,,N,,,,,,,,,,,,,,,,,,,,,,,,,,,,,,,,,,,,,
Tyto alba,4000 ,430.00 ,620.00 ,32.00 ,40.00 ,32.00 ,8.50 ,280.20 ,403.30 ,Carnivore,Vertivore,Human modified,3,1,Insessorial,-120.66 ,35.30 ,California’s central coast,,United States of America,,,,,,,,,,,,,,3,,N,,,,,,,,,,,,,,,,,,,,,,,,,,,,,,,,,,,,,
Tyto alba,4000 ,430.00 ,620.00 ,32.00 ,40.00 ,32.00 ,8.50 ,280.20 ,403.30 ,Carnivore,Vertivore,Human modified,3,1,Insessorial,-120.66 ,35.30 ,California’s central coast,,United States of America,,,,,,,,,,,,,,5,,N,,,,,,,,,,,,,,,,,,,,,,,,,,,,,,,,,,,,,
Tyto alba,4000 ,430.00 ,620.00 ,32.00 ,40.00 ,32.00 ,8.50 ,280.20 ,403.30 ,Carnivore,Vertivore,Human modified,3,1,Insessorial,-120.66 ,35.30 ,California’s central coast,,United States of America,,,,Average,,,,,,,,,,66.00,9.4,Y,Low,,,,,,,,,,,,,,,,,,,,,,,,,,,,,,,,,,,,
Bubo virginianus,4000 ,1300.00 ,1450.00 ,45.70 ,63.50 ,44.70 ,17.80 ,371.20 ,1354.50 ,Carnivore,Vertivore,Forest,2,1,Insessorial,-120.66 ,35.30 ,California’s central coast,,United States of America,,,,,,,,,,,,,,19,,N,,,,,,,,,,,,,,,,,,,,,,,,,,,,,,,,,,,,,
Bubo virginianus,4000 ,1300.00 ,1450.00 ,45.70 ,63.50 ,44.70 ,17.80 ,371.20 ,1354.50 ,Carnivore,Vertivore,Forest,2,1,Insessorial,-120.66 ,35.30 ,California’s central coast,,United States of America,,,,,,,,,,,,,,18,,N,,,,,,,,,,,,,,,,,,,,,,,,,,,,,,,,,,,,,
Bubo virginianus,4000 ,1300.00 ,1450.00 ,45.70 ,63.50 ,44.70 ,17.80 ,371.20 ,1354.50 ,Carnivore,Vertivore,Forest,2,1,Insessorial,-120.66 ,35.30 ,California’s central coast,,United States of America,,,,Average,,,,,,,,,,37,18.5,Y,Moderate,,,,,,,,,,,,,,,,,,,,,,,,,,,,,,,,,,,,
Buteo lineatus,2500 ,550.00 ,700.00 ,43.00 ,61.00 ,33.10 ,11.80 ,319.00 ,603.70 ,Carnivore,Vertivore,Woodland,1,3,Aerial,-120.66 ,35.30 ,California’s central coast,,United States of America,,,,,,,,,,,,,,31,,N,,,,,,,,,,,,,,,,,,,,,,,,,,,,,,,,,,,,,
Buteo lineatus,2500 ,550.00 ,700.00 ,43.00 ,61.00 ,33.10 ,11.80 ,319.00 ,603.70 ,Carnivore,Vertivore,Woodland,1,3,Aerial,-120.66 ,35.30 ,California’s central coast,,United States of America,,,,,,,,,,,,,,15,,N,,,,,,,,,,,,,,,,,,,,,,,,,,,,,,,,,,,,,
Buteo lineatus,2500 ,550.00 ,700.00 ,43.00 ,61.00 ,33.10 ,11.80 ,319.00 ,603.70 ,Carnivore,Vertivore,Woodland,1,3,Aerial,-120.66 ,35.30 ,California’s central coast,,United States of America,,,,,,,,,,,,,,13,,N,,,,,,,,,,,,,,,,,,,,,,,,,,,,,,,,,,,,,
Buteo lineatus,2500 ,550.00 ,700.00 ,43.00 ,61.00 ,33.10 ,11.80 ,319.00 ,603.70 ,Carnivore,Vertivore,Woodland,1,3,Aerial,-120.66 ,35.30 ,California’s central coast,,United States of America,,,,,,,,,,,,,,9,,N,,,,,,,,,,,,,,,,,,,,,,,,,,,,,,,,,,,,,
Buteo lineatus,2500 ,550.00 ,700.00 ,43.00 ,61.00 ,33.10 ,11.80 ,319.00 ,603.70 ,Carnivore,Vertivore,Woodland,1,3,Aerial,-120.66 ,35.30 ,California’s central coast,,United States of America,,,,Average,,,,,,,,,,68,17,Y,Moderate,,,,,,,,,,,,,,,,,,,,,,,,,,,,,,,,,,,,
Buteo jamaicensis,3200 ,795.00 ,1224.00 ,45.00 ,65.00 ,37.60 ,14.40 ,402.80 ,1101.20 ,Carnivore,Vertivore,Woodland,2,3,Insessorial,-120.66 ,35.30 ,California’s central coast,,United States of America,,,,,,,,,,,,,,8,,N,,,,,,,,,,,,,,,,,,,,,,,,,,,,,,,,,,,,,
Buteo jamaicensis,3200 ,795.00 ,1224.00 ,45.00 ,65.00 ,37.60 ,14.40 ,402.80 ,1101.20 ,Carnivore,Vertivore,Woodland,2,3,Insessorial,-120.66 ,35.30 ,California’s central coast,,United States of America,,,,,,,,,,,,,,4,,N,,,,,,,,,,,,,,,,,,,,,,,,,,,,,,,,,,,,,
Buteo jamaicensis,3200 ,795.00 ,1224.00 ,45.00 ,65.00 ,37.60 ,14.40 ,402.80 ,1101.20 ,Carnivore,Vertivore,Woodland,2,3,Insessorial,-120.66 ,35.30 ,California’s central coast,,United States of America,,,,,,,,,,,,,,13,,N,,,,,,,,,,,,,,,,,,,,,,,,,,,,,,,,,,,,,
Buteo jamaicensis,3200 ,795.00 ,1224.00 ,45.00 ,65.00 ,37.60 ,14.40 ,402.80 ,1101.20 ,Carnivore,Vertivore,Woodland,2,3,Insessorial,-120.66 ,35.30 ,California’s central coast,,United States of America,,,,Average,,,,,,,,,,25,8.3,Y,Low,,,,,,,,,,,,,,,,,,,,,,,,,,,,,,,,,,,,
Calidris pygmaea,70 ,29.00 ,40.00 ,14.00 ,16.00 ,22.90 ,4.00 ,99.40 ,31.70 ,Carnivore,Aquatic predator,Coastal,3,3,Terrestrial,121.42 ,32.20 ,Jiangsu Yancheng Wetland National Nature Reserve,,,,2018-2020,,,,,,,,,,,,,,N,,,,,,,,,,,,,,,,,,,,,,,,,,,,,,,,,,,,,
Tringa guttifer,,,,,,57.40 ,4.80 ,171.20 ,158.00 ,Carnivore,Aquatic predator,Coastal,3,3,Terrestrial,121.42 ,32.20 ,Jiangsu Yancheng Wetland National Nature Reserve,,,,,,,,,,,,,,,,,,N,,,,,,,,,,,,,,,,,,,,,,,,,,,,,,,,,,,,,
Calidris alpina,,45.00 ,65.00 ,16.00 ,22.00 ,36.90 ,2.90 ,115.10 ,51.90 ,Carnivore,Aquatic predator,Wetland,3,3,Terrestrial,121.42 ,32.20 ,Jiangsu Yancheng Wetland National Nature Reserve,,,,,,,,,,,,,,,,,,Y,,4.54,,,,,,,,,,,,,,,,,,,,,,,,,,,,,,,,,,,
Calidris ruficollis,,40.00 ,100.00 ,18.00 ,20.00 ,19.00 ,2.40 ,99.50 ,26.80 ,Carnivore,Aquatic predator,Grassland,3,3,Terrestrial,121.42 ,32.20 ,Jiangsu Yancheng Wetland National Nature Reserve,,,,,,,,,,,,,,,,,,Y,,2.63,,,,,,,,,,,,,,,,,,,,,,,,,,,,,,,,,,,
Charadrius alexandrinus,3000 ,34.00 ,58.00 ,,,16.30 ,3.10 ,106.20 ,42.30 ,Carnivore,Aquatic predator,Coastal,3,2,Terrestrial,121.42 ,32.20 ,Jiangsu Yancheng Wetland National Nature Reserve,,,,,,,,,,,,,,,,,,Y,,3.77,,,,,,,,,,,,,,,,,,,,,,,,,,,,,,,,,,,
Charadrius mongolus,,,,,,18.00 ,4.00 ,128.80 ,64.00 ,Carnivore,Aquatic predator,Wetland,3,3,Terrestrial,121.42 ,32.20 ,Jiangsu Yancheng Wetland National Nature Reserve,,,,,,,,,,,,,,,,,,Y,,4.14,,,,,,,,,,,,,,,,,,,,,,,,,,,,,,,,,,,
Larus michahellis,,,,,,67.60 ,8.60 ,422.80 ,1111.90 ,Carnivore,Aquatic predator,Coastal,3,2,Generalist,-7.89 ,36.96 ,Deserta,,,,2018,,item/nest,,,,,30,,,,,0.03,,N,,,,,,,,,,,,,,,,,,,,,,,,,,,,,,,,,,,,,
Larus michahellis,,,,,,67.60 ,8.60 ,422.80 ,1111.90 ,Carnivore,Aquatic predator,Coastal,3,2,Generalist,-9.51 ,39.41 ,Berlenga,,,,2018,,item/nest,,,,,30,,,,,0.3,,N,,,,,,,,,,,,,,,,,,,,,,,,,,,,,,,,,,,,,
Larus michahellis,,,,,,67.60 ,8.60 ,422.80 ,1111.90 ,Carnivore,Aquatic predator,Coastal,3,2,Generalist,-9.38 ,39.35 ,Peniche,,,,2018,,item/nest,,,,,19,,,,,5.63,,N,,,,,,,,,,,,,,,,,,,,,,,,,,,,,,,,,,,,,
Larus michahellis,,,,,,67.60 ,8.60 ,422.80 ,1111.90 ,Carnivore,Aquatic predator,Coastal,3,2,Generalist,-8.62 ,41.15 ,Porto,,,,2018,,item/nest,,,,,23,,,,,108.22,,N,,,,,,,,,,,,,,,,,,,,,,,,,,,,,,,,,,,,,
Larus michahellis,,,,,,67.60 ,8.60 ,422.80 ,1111.90 ,Carnivore,Aquatic predator,Coastal,3,2,Generalist,-7.89 ,36.96 ,Deserta,,,,2019,,,,,,,39,,,,,0.05,,N,,,,,,,,,,,,,,,,,,,,,,,,,,,,,,,,,,,,,
Larus michahellis,,,,,,67.60 ,8.60 ,422.80 ,1111.90 ,Carnivore,Aquatic predator,Coastal,3,2,Generalist,-9.51 ,39.41 ,Berlenga,,,,2019,,,,,,,26,,,,,0.35,,N,,,,,,,,,,,,,,,,,,,,,,,,,,,,,,,,,,,,,
Larus michahellis,,,,,,67.60 ,8.60 ,422.80 ,1111.90 ,Carnivore,Aquatic predator,Coastal,3,2,Generalist,-9.38 ,39.35 ,Peniche,,,,2019,,,,,,,21,,,,,6.62,,N,,,,,,,,,,,,,,,,,,,,,,,,,,,,,,,,,,,,,
Larus michahellis,,,,,,67.60 ,8.60 ,422.80 ,1111.90 ,Carnivore,Aquatic predator,Coastal,3,2,Generalist,-8.62 ,41.15 ,Porto,,,,2019,,,,,,,16,,,,,79.88,,N,,,,,,,,,,,,,,,,,,,,,,,,,,,,,,,,,,,,,
Larus fuscus,,,,,,62.30 ,7.90 ,412.20 ,762.40 ,Carnivore,Aquatic predator,Coastal,3,2,Generalist,-4.77 ,37.11 ,Fuente de Piedra,,Spain,,2011,,check supp mat,,,,,,,,,,,,N,,,,,,,,,,,,,,,,,,,,,,,,,,,,,,,,,,,,,
Larus fuscus,,,,,,62.30 ,7.90 ,412.20 ,762.40 ,Carnivore,Aquatic predator,Coastal,3,2,Generalist,-4.77 ,37.11 ,Fuente de Piedra,,Spain,,2012,,check supp mat,,,,,,,,,,,,N,,,,,,,,,,,,,,,,,,,,,,,,,,,,,,,,,,,,,
Larus fuscus,,,,,,62.30 ,7.90 ,412.20 ,762.40 ,Carnivore,Aquatic predator,Coastal,3,2,Generalist,-4.77 ,37.11 ,Fuente de Piedra,,Spain,,2013,,check supp mat,,,,,,,,,,,,N,,,,,,,,,,,,,,,,,,,,,,,,,,,,,,,,,,,,,
Larus fuscus,,,,,,62.30 ,7.90 ,412.20 ,762.40 ,Carnivore,Aquatic predator,Coastal,3,2,Generalist,-4.77 ,37.11 ,Fuente de Piedra,,Spain,,2014,,check supp mat,,,,,,,,,,,,N,,,,,,,,,,,,,,,,,,,,,,,,,,,,,,,,,,,,,
Larus fuscus,,,,,,62.30 ,7.90 ,412.20 ,762.40 ,Carnivore,Aquatic predator,Coastal,3,2,Generalist,-4.77 ,37.11 ,Fuente de Piedra,,Spain,,2015,,check supp mat,,,,,,,,,,,,N,,,,,,,,,,,,,,,,,,,,,,,,,,,,,,,,,,,,,
Larus fuscus,,,,,,62.30 ,7.90 ,412.20 ,762.40 ,Carnivore,Aquatic predator,Coastal,3,2,Generalist,-4.77 ,37.11 ,Fuente de Piedra,,Spain,,2016,,check supp mat,,,,,,,,,,,,N,,,,,,,,,,,,,,,,,,,,,,,,,,,,,,,,,,,,,
Larus fuscus,,,,,,62.30 ,7.90 ,412.20 ,762.40 ,Carnivore,Aquatic predator,Coastal,3,2,Generalist,-4.77 ,37.11 ,Fuente de Piedra,,Spain,,2017,,check supp mat,,,,,,,,,,,,N,,,,,,,,,,,,,,,,,,,,,,,,,,,,,,,,,,,,,
Larus fuscus,,,,,,62.30 ,7.90 ,412.20 ,762.40 ,Carnivore,Aquatic predator,Coastal,3,2,Generalist,-4.77 ,37.11 ,Fuente de Piedra,,Spain,,2018,,check supp mat,,,,,,,,,,,,N,,,,,,,,,,,,,,,,,,,,,,,,,,,,,,,,,,,,,
Larus fuscus,,,,,,62.30 ,7.90 ,412.20 ,762.40 ,Carnivore,Aquatic predator,Coastal,3,2,Generalist,-4.77 ,37.11 ,Fuente de Piedra,,Spain,,2019,,check supp mat,,,,,,,,,,,,N,,,,,,,,,,,,,,,,,,,,,,,,,,,,,,,,,,,,,
Larus fuscus,,,,,,62.30 ,7.90 ,412.20 ,762.40 ,Carnivore,Aquatic predator,Coastal,3,2,Generalist,-4.77 ,37.11 ,Fuente de Piedra,,Spain,,2020,,check supp mat,,,,,,,,,,,,N,,,,,,,,,,,,,,,,,,,,,,,,,,,,,,,,,,,,,
Larus fuscus,,,,,,62.30 ,7.90 ,412.20 ,762.40 ,Carnivore,Aquatic predator,Coastal,3,2,Generalist,-4.77 ,37.11 ,Fuente de Piedra,,Spain,,2021,,check supp mat,,,,,,,,,,,,N,,,,,,,,,,,,,,,,,,,,,,,,,,,,,,,,,,,,,
Larus fuscus,,,,,,62.30 ,7.90 ,412.20 ,762.40 ,Carnivore,Aquatic predator,Coastal,3,2,Generalist,-4.77 ,37.11 ,Fuente de Piedra,,Spain,,2022,,check supp mat,,,,,,,,,,,,N,,,,,,,,,,,,,,,,,,,,,,,,,,,,,,,,,,,,,
Bulweria bulwerii,,,,,,21.60 ,4.80 ,203.20 ,99.00 ,Carnivore,Aquatic predator,Marine,3,2,Aquatic,-24.59 ,16.62 ,Raso Islet,,,,2021,Pelagic,,,,,,39,,,,,21,0.5,Y,Low,,,,,,,,,,,,,,,,,,,,,,,,,,,,,,,,,,,,
Puffinus lherminieri,,,,,,31.00 ,4.90 ,185.30 ,192.80 ,Carnivore,Aquatic predator,Marine,3,2,Aquatic,-24.59 ,16.62 ,Raso Islet,,,,2021,Pelagic,,,,,,90,,,,,43,0.5,Y,Low,,,,,,,,,,,,,,,,,,,,,,,,,,,,,,,,,,,,
Calonectris edwardsii,,,,,,42.80 ,8.20 ,309.00 ,535.00 ,Carnivore,Aquatic predator,Marine,3,3,Aerial,-24.59 ,16.62 ,Raso Islet,,,,2021,,,,,,,52,,,,,57,1.1,Y,Low,,,,,,,,,,,,,,,,,,,,,,,,,,,,,,,,,,,,
Phaethon aethereus,,,,,,66.40 ,8.80 ,309.20 ,750.00 ,Carnivore,Aquatic predator,Marine,3,3,Aerial,-24.59 ,16.62 ,Raso Islet,,,,2021,Coastal,,,,,,45,,,,,66,1.5,Y,Low,,,,,,,,,,,,,,,,,,,,,,,,,,,,,,,,,,,,
Sula leucogaster,100 ,950.00 ,1800.00 ,64.00 ,85.00 ,100.90 ,20.50 ,388.60 ,1288.80 ,Carnivore,Aquatic predator,Marine,3,2,Aerial,-24.59 ,16.62 ,Raso Islet,,,,2021,Coastal,,,,,,54,,,,,81,1.5,Y,Low,,,,,,,,,,,,,,,,,,,,,,,,,,,,,,,,,,,,
Bulweria bulwerii,,,,,,21.60 ,4.80 ,203.20 ,99.00 ,Carnivore,Aquatic predator,Marine,3,2,Aquatic,-24.59 ,16.62 ,Raso Islet,,,,,,,preen oil 2021,∑PBDE,,,,,,,,,,Y,,,184,,,,,,,,,,,,,,,,,,,,,,,,,,,,,,,,,,
Calonectris edwardsii,,,,,,42.80 ,8.20 ,309.00 ,535.00 ,Carnivore,Aquatic predator,Marine,3,3,Aerial,-24.59 ,16.62 ,Raso Islet,,,,,,,preen oil 2021,∑PBDE,,,,,,,,,,Y,,,13.2,,,,,,,,,,,,,,,,,,,,,,,,,,,,,,,,,,
Phaethon aethereus,,,,,,66.40 ,8.80 ,309.20 ,750.00 ,Carnivore,Aquatic predator,Marine,3,3,Aerial,-24.59 ,16.62 ,Raso Islet,,,,,,,preen oil 2021,∑PBDE,,,,,,,,,,Y,,,155.9,,,,,,,,,,,,,,,,,,,,,,,,,,,,,,,,,,
Puffinus lherminieri,,,,,,31.00 ,4.90 ,185.30 ,192.80 ,Carnivore,Aquatic predator,Marine,3,2,Aquatic,-24.59 ,16.62 ,Raso Islet,,,,,,,preen oil 2021,∑PBDE,,,,,,,,,,Y,,,576.7,,,,,,,,,,,,,,,,,,,,,,,,,,,,,,,,,,
Sula leucogaster,100 ,950.00 ,1800.00 ,64.00 ,85.00 ,100.90 ,20.50 ,388.60 ,1288.80 ,Carnivore,Aquatic predator,Marine,3,2,Aerial,-24.59 ,16.62 ,Raso Islet,,,,,,,preen oil 2021,∑PBDE,,,,,,,,,,Y,,,28.1,,,,,,,,,,,,,,,,,,,,,,,,,,,,,,,,,,
Bulweria bulwerii,,,,,,21.60 ,4.80 ,203.20 ,99.00 ,Carnivore,Aquatic predator,Marine,3,2,Aquatic,-24.59 ,16.62 ,Raso Islet,,,,,,,preen oil 2022,∑PBDE,,,,,,,,,,Y,,,20.1,,,,,,,,,,,,,,,,,,,,,,,,,,,,,,,,,,
Calonectris edwardsii,,,,,,42.80 ,8.20 ,309.00 ,535.00 ,Carnivore,Aquatic predator,Marine,3,3,Aerial,-24.59 ,16.62 ,Raso Islet,,,,,,,preen oil 2022,∑PBDE,,,,,,,,,,Y,,,1.4,,,,,,,,,,,,,,,,,,,,,,,,,,,,,,,,,,
Phaethon aethereus,,,,,,66.40 ,8.80 ,309.20 ,750.00 ,Carnivore,Aquatic predator,Marine,3,3,Aerial,-24.59 ,16.62 ,Raso Islet,,,,,,,preen oil 2022,∑PBDE,,,,,,,,,,Y,,,5.8,,,,,,,,,,,,,,,,,,,,,,,,,,,,,,,,,,
Puffinus lherminieri,,,,,,31.00 ,4.90 ,185.30 ,192.80 ,Carnivore,Aquatic predator,Marine,3,2,Aquatic,-24.59 ,16.62 ,Raso Islet,,,,,,,preen oil 2022,∑PBDE,,,,,,,,,,Y,,,12.1,,,,,,,,,,,,,,,,,,,,,,,,,,,,,,,,,,
Sula leucogaster,100 ,950.00 ,1800.00 ,64.00 ,85.00 ,100.90 ,20.50 ,388.60 ,1288.80 ,Carnivore,Aquatic predator,Marine,3,2,Aerial,-24.59 ,16.62 ,Raso Islet,,,,,,,preen oil 2022,∑PBDE,,,,,,,,,,Y,,,1.6,,,,,,,,,,,,,,,,,,,,,,,,,,,,,,,,,,
Bulweria bulwerii,,,,,,21.60 ,4.80 ,203.20 ,99.00 ,Carnivore,Aquatic predator,Marine,3,2,Aquatic,-24.59 ,16.62 ,Raso Islet,,,,,,,serum,∑PBDE,,,,,,,,,,Y,,,249.2,,,,,,,,,,,,,,,,,,,,,,,,,,,,,,,,,,
Calonectris edwardsii,,,,,,42.80 ,8.20 ,309.00 ,535.00 ,Carnivore,Aquatic predator,Marine,3,3,Aerial,-24.59 ,16.62 ,Raso Islet,,,,,,,serum,∑PBDE,,,,,,,,,,Y,,,132.2,,,,,,,,,,,,,,,,,,,,,,,,,,,,,,,,,,
Phaethon aethereus,,,,,,66.40 ,8.80 ,309.20 ,750.00 ,Carnivore,Aquatic predator,Marine,3,3,Aerial,-24.59 ,16.62 ,Raso Islet,,,,,,,serum,∑PBDE,,,,,,,,,,Y,,,33.8,,,,,,,,,,,,,,,,,,,,,,,,,,,,,,,,,,
Puffinus lherminieri,,,,,,31.00 ,4.90 ,185.30 ,192.80 ,Carnivore,Aquatic predator,Marine,3,2,Aquatic,-24.59 ,16.62 ,Raso Islet,,,,,,,serum,∑PBDE,,,,,,,,,,Y,,,10.5,,,,,,,,,,,,,,,,,,,,,,,,,,,,,,,,,,
Sula leucogaster,100 ,950.00 ,1800.00 ,64.00 ,85.00 ,100.90 ,20.50 ,388.60 ,1288.80 ,Carnivore,Aquatic predator,Marine,3,2,Aerial,-24.59 ,16.62 ,Raso Islet,,,,,,,serum,∑PBDE,,,,,,,,,,Y,,,84.1,,,,,,,,,,,,,,,,,,,,,,,,,,,,,,,,,,
Bulweria bulwerii,,,,,,21.60 ,4.80 ,203.20 ,99.00 ,Carnivore,Aquatic predator,Marine,3,2,Aquatic,-24.59 ,16.62 ,Raso Islet,,,,,,,preen oil 2021,∑MeO-PBDE ,,,,,,,,,,Y,,,167.7,,,,,,,,,,,,,,,,,,,,,,,,,,,,,,,,,,
Calonectris edwardsii,,,,,,42.80 ,8.20 ,309.00 ,535.00 ,Carnivore,Aquatic predator,Marine,3,3,Aerial,-24.59 ,16.62 ,Raso Islet,,,,,,,preen oil 2021,∑MeO-PBDE ,,,,,,,,,,Y,,,89.6,,,,,,,,,,,,,,,,,,,,,,,,,,,,,,,,,,
Phaethon aethereus,,,,,,66.40 ,8.80 ,309.20 ,750.00 ,Carnivore,Aquatic predator,Marine,3,3,Aerial,-24.59 ,16.62 ,Raso Islet,,,,,,,preen oil 2021,∑MeO-PBDE ,,,,,,,,,,Y,,,273.7,,,,,,,,,,,,,,,,,,,,,,,,,,,,,,,,,,
Puffinus lherminieri,,,,,,31.00 ,4.90 ,185.30 ,192.80 ,Carnivore,Aquatic predator,Marine,3,2,Aquatic,-24.59 ,16.62 ,Raso Islet,,,,,,,preen oil 2021,∑MeO-PBDE ,,,,,,,,,,Y,,,7636,,,,,,,,,,,,,,,,,,,,,,,,,,,,,,,,,,
Sula leucogaster,100 ,950.00 ,1800.00 ,64.00 ,85.00 ,100.90 ,20.50 ,388.60 ,1288.80 ,Carnivore,Aquatic predator,Marine,3,2,Aerial,-24.59 ,16.62 ,Raso Islet,,,,,,,preen oil 2021,∑MeO-PBDE ,,,,,,,,,,Y,,,810.6,,,,,,,,,,,,,,,,,,,,,,,,,,,,,,,,,,
Bulweria bulwerii,,,,,,21.60 ,4.80 ,203.20 ,99.00 ,Carnivore,Aquatic predator,Marine,3,2,Aquatic,-24.59 ,16.62 ,Raso Islet,,,,,,,preen oil 2022,∑MeO-PBDE ,,,,,,,,,,Y,,,41.5,,,,,,,,,,,,,,,,,,,,,,,,,,,,,,,,,,
Calonectris edwardsii,,,,,,42.80 ,8.20 ,309.00 ,535.00 ,Carnivore,Aquatic predator,Marine,3,3,Aerial,-24.59 ,16.62 ,Raso Islet,,,,,,,preen oil 2022,∑MeO-PBDE ,,,,,,,,,,Y,,,0.9,,,,,,,,,,,,,,,,,,,,,,,,,,,,,,,,,,
Phaethon aethereus,,,,,,66.40 ,8.80 ,309.20 ,750.00 ,Carnivore,Aquatic predator,Marine,3,3,Aerial,-24.59 ,16.62 ,Raso Islet,,,,,,,preen oil 2022,∑MeO-PBDE ,,,,,,,,,,Y,,,1331.1,,,,,,,,,,,,,,,,,,,,,,,,,,,,,,,,,,
Puffinus lherminieri,,,,,,31.00 ,4.90 ,185.30 ,192.80 ,Carnivore,Aquatic predator,Marine,3,2,Aquatic,-24.59 ,16.62 ,Raso Islet,,,,,,,preen oil 2022,∑MeO-PBDE ,,,,,,,,,,Y,,,9151.2,,,,,,,,,,,,,,,,,,,,,,,,,,,,,,,,,,
Sula leucogaster,100 ,950.00 ,1800.00 ,64.00 ,85.00 ,100.90 ,20.50 ,388.60 ,1288.80 ,Carnivore,Aquatic predator,Marine,3,2,Aerial,-24.59 ,16.62 ,Raso Islet,,,,,,,preen oil 2022,∑MeO-PBDE ,,,,,,,,,,Y,,,23.3,,,,,,,,,,,,,,,,,,,,,,,,,,,,,,,,,,
Bulweria bulwerii,,,,,,21.60 ,4.80 ,203.20 ,99.00 ,Carnivore,Aquatic predator,Marine,3,2,Aquatic,-24.59 ,16.62 ,Raso Islet,,,,,,,serum,∑MeO-PBDE ,,,,,,,,,,Y,,,3.3,,,,,,,,,,,,,,,,,,,,,,,,,,,,,,,,,,
Calonectris edwardsii,,,,,,42.80 ,8.20 ,309.00 ,535.00 ,Carnivore,Aquatic predator,Marine,3,3,Aerial,-24.59 ,16.62 ,Raso Islet,,,,,,,serum,∑MeO-PBDE ,,,,,,,,,,Y,,,1.9,,,,,,,,,,,,,,,,,,,,,,,,,,,,,,,,,,
Phaethon aethereus,,,,,,66.40 ,8.80 ,309.20 ,750.00 ,Carnivore,Aquatic predator,Marine,3,3,Aerial,-24.59 ,16.62 ,Raso Islet,,,,,,,serum,∑MeO-PBDE ,,,,,,,,,,Y,,,2.9,,,,,,,,,,,,,,,,,,,,,,,,,,,,,,,,,,
Puffinus lherminieri,,,,,,31.00 ,4.90 ,185.30 ,192.80 ,Carnivore,Aquatic predator,Marine,3,2,Aquatic,-24.59 ,16.62 ,Raso Islet,,,,,,,serum,∑MeO-PBDE ,,,,,,,,,,Y,,,7.8,,,,,,,,,,,,,,,,,,,,,,,,,,,,,,,,,,
Sula leucogaster,100 ,950.00 ,1800.00 ,64.00 ,85.00 ,100.90 ,20.50 ,388.60 ,1288.80 ,Carnivore,Aquatic predator,Marine,3,2,Aerial,-24.59 ,16.62 ,Raso Islet,,,,,,,serum,∑MeO-PBDE ,,,,,,,,,,Y,,,6.1,,,,,,,,,,,,,,,,,,,,,,,,,,,,,,,,,,
Bulweria bulwerii,,,,,,21.60 ,4.80 ,203.20 ,99.00 ,Carnivore,Aquatic predator,Marine,3,2,Aquatic,-24.59 ,16.62 ,Raso Islet,,,,,,,preen oil 2022,∑Polycyclic musk ,,,,,,,,,,Y,,,0.9,,,,,,,,,,,,,,,,,,,,,,,,,,,,,,,,,,
Calonectris edwardsii,,,,,,42.80 ,8.20 ,309.00 ,535.00 ,Carnivore,Aquatic predator,Marine,3,3,Aerial,-24.59 ,16.62 ,Raso Islet,,,,,,,preen oil 2022,∑Polycyclic musk ,,,,,,,,,,Y,,,3.6,,,,,,,,,,,,,,,,,,,,,,,,,,,,,,,,,,
Phaethon aethereus,,,,,,66.40 ,8.80 ,309.20 ,750.00 ,Carnivore,Aquatic predator,Marine,3,3,Aerial,-24.59 ,16.62 ,Raso Islet,,,,,,,preen oil 2022,∑Polycyclic musk ,,,,,,,,,,Y,,,0.14,,,,,,,,,,,,,,,,,,,,,,,,,,,,,,,,,,
Puffinus lherminieri,,,,,,31.00 ,4.90 ,185.30 ,192.80 ,Carnivore,Aquatic predator,Marine,3,2,Aquatic,-24.59 ,16.62 ,Raso Islet,,,,,,,preen oil 2022,∑Polycyclic musk ,,,,,,,,,,N,,,nd,,,,,,,,,,,,,,,,,,,,,,,,,,,,,,,,,,
Sula leucogaster,100 ,950.00 ,1800.00 ,64.00 ,85.00 ,100.90 ,20.50 ,388.60 ,1288.80 ,Carnivore,Aquatic predator,Marine,3,2,Aerial,-24.59 ,16.62 ,Raso Islet,,,,,,,preen oil 2022,∑Polycyclic musk ,,,,,,,,,,Y,,,0.2,,,,,,,,,,,,,,,,,,,,,,,,,,,,,,,,,,
Bulweria bulwerii,,,,,,21.60 ,4.80 ,203.20 ,99.00 ,Carnivore,Aquatic predator,Marine,3,2,Aquatic,-24.59 ,16.62 ,Raso Islet,,,,,,,serum,∑Polycyclic musk ,,,,,,,,,,N,,,nd,,,,,,,,,,,,,,,,,,,,,,,,,,,,,,,,,,
Calonectris edwardsii,,,,,,42.80 ,8.20 ,309.00 ,535.00 ,Carnivore,Aquatic predator,Marine,3,3,Aerial,-24.59 ,16.62 ,Raso Islet,,,,,,,serum,∑Polycyclic musk ,,,,,,,,,,N,,,nd,,,,,,,,,,,,,,,,,,,,,,,,,,,,,,,,,,
Phaethon aethereus,,,,,,66.40 ,8.80 ,309.20 ,750.00 ,Carnivore,Aquatic predator,Marine,3,3,Aerial,-24.59 ,16.62 ,Raso Islet,,,,,,,serum,∑Polycyclic musk ,,,,,,,,,,N,,,nd,,,,,,,,,,,,,,,,,,,,,,,,,,,,,,,,,,
Puffinus lherminieri,,,,,,31.00 ,4.90 ,185.30 ,192.80 ,Carnivore,Aquatic predator,Marine,3,2,Aquatic,-24.59 ,16.62 ,Raso Islet,,,,,,,serum,∑Polycyclic musk ,,,,,,,,,,N,,,nd,,,,,,,,,,,,,,,,,,,,,,,,,,,,,,,,,,
Sula leucogaster,100 ,950.00 ,1800.00 ,64.00 ,85.00 ,100.90 ,20.50 ,388.60 ,1288.80 ,Carnivore,Aquatic predator,Marine,3,2,Aerial,-24.59 ,16.62 ,Raso Islet,,,,,,,serum,∑Polycyclic musk ,,,,,,,,,,N,,,nd,,,,,,,,,,,,,,,,,,,,,,,,,,,,,,,,,,
Bulweria bulwerii,,,,,,21.60 ,4.80 ,203.20 ,99.00 ,Carnivore,Aquatic predator,Marine,3,2,Aquatic,-24.59 ,16.62 ,Raso Islet,,,,,,,preen oil 2022,∑MeO-PBDE ,,,,,,,,,,Y,,,2.7,,,,,,,,,,,,,,,,,,,,,,,,,,,,,,,,,,
Calonectris edwardsii,,,,,,42.80 ,8.20 ,309.00 ,535.00 ,Carnivore,Aquatic predator,Marine,3,3,Aerial,-24.59 ,16.62 ,Raso Islet,,,,,,,preen oil 2022,∑MeO-PBDE ,,,,,,,,,,Y,,,5.6,,,,,,,,,,,,,,,,,,,,,,,,,,,,,,,,,,
Phaethon aethereus,,,,,,66.40 ,8.80 ,309.20 ,750.00 ,Carnivore,Aquatic predator,Marine,3,3,Aerial,-24.59 ,16.62 ,Raso Islet,,,,,,,preen oil 2022,∑MeO-PBDE ,,,,,,,,,,Y,,,12.6,,,,,,,,,,,,,,,,,,,,,,,,,,,,,,,,,,
Puffinus lherminieri,,,,,,31.00 ,4.90 ,185.30 ,192.80 ,Carnivore,Aquatic predator,Marine,3,2,Aquatic,-24.59 ,16.62 ,Raso Islet,,,,,,,preen oil 2022,∑MeO-PBDE ,,,,,,,,,,Y,,,3.4,,,,,,,,,,,,,,,,,,,,,,,,,,,,,,,,,,
Sula leucogaster,100 ,950.00 ,1800.00 ,64.00 ,85.00 ,100.90 ,20.50 ,388.60 ,1288.80 ,Carnivore,Aquatic predator,Marine,3,2,Aerial,-24.59 ,16.62 ,Raso Islet,,,,,,,preen oil 2022,∑MeO-PBDE ,,,,,,,,,,Y,,,21.3,,,,,,,,,,,,,,,,,,,,,,,,,,,,,,,,,,
Bulweria bulwerii,,,,,,21.60 ,4.80 ,203.20 ,99.00 ,Carnivore,Aquatic predator,Marine,3,2,Aquatic,-24.59 ,16.62 ,Raso Islet,,,,,,,serum,∑MeO-PBDE ,,,,,,,,,,N,,,nd,,,,,,,,,,,,,,,,,,,,,,,,,,,,,,,,,,
Calonectris edwardsii,,,,,,42.80 ,8.20 ,309.00 ,535.00 ,Carnivore,Aquatic predator,Marine,3,3,Aerial,-24.59 ,16.62 ,Raso Islet,,,,,,,serum,∑MeO-PBDE ,,,,,,,,,,N,,,nd,,,,,,,,,,,,,,,,,,,,,,,,,,,,,,,,,,
Phaethon aethereus,,,,,,66.40 ,8.80 ,309.20 ,750.00 ,Carnivore,Aquatic predator,Marine,3,3,Aerial,-24.59 ,16.62 ,Raso Islet,,,,,,,serum,∑MeO-PBDE ,,,,,,,,,,Y,,,1.8,,,,,,,,,,,,,,,,,,,,,,,,,,,,,,,,,,
Puffinus lherminieri,,,,,,31.00 ,4.90 ,185.30 ,192.80 ,Carnivore,Aquatic predator,Marine,3,2,Aquatic,-24.59 ,16.62 ,Raso Islet,,,,,,,serum,∑MeO-PBDE ,,,,,,,,,,Y,,,1.3,,,,,,,,,,,,,,,,,,,,,,,,,,,,,,,,,,
Sula leucogaster,100 ,950.00 ,1800.00 ,64.00 ,85.00 ,100.90 ,20.50 ,388.60 ,1288.80 ,Carnivore,Aquatic predator,Marine,3,2,Aerial,-24.59 ,16.62 ,Raso Islet,,,,,,,serum,∑MeO-PBDE ,,,,,,,,,,Y,,,3.3,,,,,,,,,,,,,,,,,,,,,,,,,,,,,,,,,,
Melanitta fusca,,,,,,49.90 ,26.40 ,259.20 ,1800.20 ,Carnivore,Aquatic predator,Wetland,3,3,Aquatic,21.08 ,55.71 ,South Eastern Baltic Sea,,,,2015-2019,,,,,,,246,0,,,,,0,N,,0,,,,,,,,,,,,,,,,,,,,,,,,,,,,,,,,,,,
Melanitta nigra,,862.00 ,1270.00 ,43.00 ,53.00 ,48.70 ,20.80 ,221.10 ,1050.00 ,Carnivore,Aquatic predator,Wetland,3,3,Aquatic,21.08 ,55.71 ,South Eastern Baltic Sea,,,,2015-2019,,,,,,,27,0,,,,,0,N,,0,,,,,,,,,,,,,,,,,,,,,,,,,,,,,,,,,,,
Clangula hyemalis,,680.00 ,1130.00 ,38.10 ,58.40 ,32.10 ,16.00 ,215.60 ,871.00 ,Carnivore,Aquatic predator,Wetland,3,3,Aquatic,21.08 ,55.71 ,South Eastern Baltic Sea,,,,2015-2019,,,,,,,181,9,,,,,0.144,Y,Low,0.0041,,,,,,,,,,,,,,,,,,,,,,,,,,,,,,,,,,,
Gavia stellata,500 ,,1816.00 ,,,63.10 ,7.50 ,275.40 ,1486.00 ,Carnivore,Aquatic predator,Wetland,3,3,Aquatic,21.08 ,55.71 ,South Eastern Baltic Sea,,,,2015-2019,,,,,,,22,1,,,,,0.045,Y,Low,0.0002,,,,,,,,,,,,,,,,,,,,,,,,,,,,,,,,,,,
Podiceps cristatus,3000 ,800.00 ,1490.00 ,46.00 ,61.00 ,57.50 ,6.60 ,183.60 ,731.00 ,Carnivore,Aquatic predator,Wetland,3,1,Aquatic,21.08 ,55.71 ,South Eastern Baltic Sea,,,,2015-2019,,,,,,,15,0,,,,,0,N,,0,,,,,,,,,,,,,,,,,,,,,,,,,,,,,,,,,,,
Uria aalge,,945.00 ,1044.00 ,,,56.80 ,8.10 ,196.30 ,991.90 ,Carnivore,Aquatic predator,Marine,3,3,Aquatic,21.08 ,55.71 ,South Eastern Baltic Sea,,,,2015-2019,,,,,,,33,1,,,,,0.03,Y,Low,0.0002,,,,,,,,,,,,,,,,,,,,,,,,,,,,,,,,,,,
Thinornis cucullatus,,,,,,21.00 ,3.30 ,138.00 ,100.00 ,Carnivore,Aquatic predator,Coastal,3,2,Terrestrial,147.82 ,-43.09 ,South Eastern Tasmania,,,,2021,,,,,,,15,,,,,,,Y,,,,1678,,,,,,,,,,,,,,,,,,,,,,,,,,,,,,,,,
Haematopus longirostris,,,,,,88.80 ,8.20 ,275.40 ,613.90 ,Carnivore,Aquatic predator,Coastal,3,1,Terrestrial,147.82 ,-43.09 ,South Eastern Tasmania,,,,2021,,,,,,,10,,,,,,,Y,,,,77.93,,,,,,,,,,,,,,,,,,,,,,,,,,,,,,,,,
Mergus serrator,,800.00 ,1350.00 ,51.00 ,64.00 ,65.00 ,8.20 ,233.60 ,1015.20 ,Carnivore,Aquatic predator,Wetland,3,3,Aquatic,126.56 ,35.97 ,Korean Peninsula,,,,2006-2019,Coastal,,,,,,6,,,,,,0.33,Y,Low,0.00403,,,,,,,,,,,,,,,,,,,,,,,,,,,,,,,,,,,
Podiceps cristatus,3000 ,800.00 ,1490.00 ,46.00 ,61.00 ,57.50 ,6.60 ,183.60 ,731.00 ,Carnivore,Aquatic predator,Wetland,3,1,Aquatic,126.56 ,35.97 ,Korean Peninsula,,,,2006-2019,Coastal,,,,,,2,,,,,,0,N,,0,,,,,,,,,,,,,,,,,,,,,,,,,,,,,,,,,,,
Gavia stellata,500 ,,1816.00 ,,,63.10 ,7.50 ,275.40 ,1486.00 ,Carnivore,Aquatic predator,Wetland,3,3,Aquatic,126.56 ,35.97 ,Korean Peninsula,,,,2006-2019,Coastal / Pelagic,,,,,,5,,,,,,0,N,,0,,,,,,,,,,,,,,,,,,,,,,,,,,,,,,,,,,,
Gavia arctica,500 ,2000.00 ,3400.00 ,40.00 ,81.00 ,71.00 ,8.50 ,285.80 ,2251.10 ,Carnivore,Aquatic predator,Wetland,3,3,Aquatic,126.56 ,35.97 ,Korean Peninsula,,,,2006-2019,Coastal / Pelagic,,,,,,6,,,,,,0,N,,0,,,,,,,,,,,,,,,,,,,,,,,,,,,,,,,,,,,
Gavia pacifica,500 ,,,,,71.90 ,8.30 ,291.20 ,2251.10 ,Carnivore,Aquatic predator,Wetland,3,3,Aquatic,126.56 ,35.97 ,Korean Peninsula,,,,2006-2019,Coastal / Pelagic,,,,,,20,,,,,,0.35,Y,Low,0.00095,,,,,,,,,,,,,,,,,,,,,,,,,,,,,,,,,,,
Hydrobates monorhis,,,,,,16.50 ,3.00 ,152.60 ,39.80 ,Carnivore,Aquatic predator,Marine,3,3,Aerial,126.56 ,35.97 ,Korean Peninsula,,,,2006-2019,Pelagic,,,,,,159,,,,,,18.73,Y,Moderate,0.04883,,,,,,,,,,,,,,,,,,,,,,,,,,,,,,,,,,,
Calonectris leucomelas,,,,,,48.90 ,9.70 ,319.20 ,580.00 ,Carnivore,Aquatic predator,Marine,3,3,Generalist,126.56 ,35.97 ,Korean Peninsula,,,,2006-2019,Pelagic,,,,,,1,,,,,,0,N,,0,,,,,,,,,,,,,,,,,,,,,,,,,,,,,,,,,,,
Phalacrocorax carbo,,2600.00 ,3700.00 ,84.00 ,90.00 ,82.70 ,13.20 ,340.20 ,2529.00 ,Carnivore,Aquatic predator,Wetland,3,2,Aquatic,126.56 ,35.97 ,Korean Peninsula,,,,2006-2019,Coastal,,,,,,1,,,,,,0,N,,0,,,,,,,,,,,,,,,,,,,,,,,,,,,,,,,,,,,
Larus crassirostris,,,,,,58.70 ,6.50 ,364.20 ,561.00 ,Carnivore,Aquatic predator,Coastal,3,2,Aerial,126.56 ,35.97 ,Korean Peninsula,,,,2006-2019,Coastal,,,,,,70,,,,,,0.13,Y,Low,0.00067,,,,,,,,,,,,,,,,,,,,,,,,,,,,,,,,,,,
Larus argentatus,2000 ,800.00 ,1250.00 ,56.00 ,66.00 ,74.00 ,8.90 ,430.00 ,1091.00 ,Carnivore,Aquatic predator,Coastal,3,2,Generalist,126.56 ,35.97 ,Korean Peninsula,,,,2006-2019,Coastal,,,,,,2,,,,,,0,N,,0,,,,,,,,,,,,,,,,,,,,,,,,,,,,,,,,,,,
Synthliboramphus antiquus,100 ,,,,,23.60 ,5.00 ,135.50 ,217.70 ,Carnivore,Aquatic predator,Marine,3,3,Aquatic,126.56 ,35.97 ,Korean Peninsula,,,,2006-2019,Pelagic,,,,,,110,,,,,,0.02,Y,Low,0.00003,,,,,,,,,,,,,,,,,,,,,,,,,,,,,,,,,,,
Calonectris borealis,,,,,,55.00 ,11.30 ,347.00 ,535.00 ,Carnivore,Aquatic predator,Marine,3,3,Generalist,-15.61 ,27.95 ,Tafira Wildlife Rehabilitation Center,,Spain,,2020-2021,,,,,,,45,,,,,,8.13,Y,Low,,,,,,,,,,,,,,,,,,,,,,,,,,,,,,,,,,,,
Hydrobates castro,,,,,,15.60 ,2.70 ,150.40 ,46.10 ,Carnivore,Aquatic predator,Marine,3,3,Aerial,-15.61 ,27.95 ,Tafira Wildlife Rehabilitation Center,,Spain,,2020-2021,,,,,,,5,,,,,,5.6,Y,Low,,,,,,,,,,,,,,,,,,,,,,,,,,,,,,,,,,,,
Larus michahellis,,,,,,67.60 ,8.60 ,422.80 ,1111.90 ,Carnivore,Aquatic predator,Coastal,3,2,Generalist,-15.61 ,27.95 ,Tafira Wildlife Rehabilitation Center,,Spain,,2020-2021,,,,,,,20,,,,,,1.83,Y,Low,,,,,,,,,,,,,,,,,,,,,,,,,,,,,,,,,,,,
Larus ridibundus,,195.00 ,325.00 ,,,43.40 ,4.00 ,291.20 ,284.00 ,Carnivore,Aquatic predator,Wetland,3,2,Generalist,-15.61 ,27.95 ,Tafira Wildlife Rehabilitation Center,,Spain,,2020-2021,,,,,,,2,,,,,,1,Y,Low,,,,,,,,,,,,,,,,,,,,,,,,,,,,,,,,,,,,
Bubulcus ibis,4080 ,,220.00 ,,,63.30 ,8.60 ,244.40 ,366.00 ,Carnivore,Omnivore,Human modified,3,2,Terrestrial,-15.61 ,27.95 ,Tafira Wildlife Rehabilitation Center,,Spain,,2020-2021,,,,,,,1,,,,,,3,Y,Low,,,,,,,,,,,,,,,,,,,,,,,,,,,,,,,,,,,,
Tyto alba,4000 ,430.00 ,620.00 ,,,32.00 ,8.50 ,280.20 ,403.30 ,Carnivore,Vertivore,Human modified,3,1,Insessorial,9.70 ,45.25 ,Valley of the River Adda,,Italy,,2020-2021,Terrestrial,A,,,,,,8,,,,12,,N,,,,,,,,,,,,,,,,,,,,,,,,,,,,,,,,,,,,,
Tyto alba,4000 ,430.00 ,620.00 ,,,32.00 ,8.50 ,280.20 ,403.30 ,Carnivore,Vertivore,Human modified,3,1,Insessorial,9.70 ,45.25 ,Valley of the River Adda,,Italy,,2020-2021,Terrestrial,B,,,,,,9,,,,16,,N,,,,,,,,,,,,,,,,,,,,,,,,,,,,,,,,,,,,,
Tyto alba,4000 ,430.00 ,620.00 ,,,32.00 ,8.50 ,280.20 ,403.30 ,Carnivore,Vertivore,Human modified,3,1,Insessorial,9.70 ,45.25 ,Valley of the River Adda,,Italy,,2020-2021,Terrestrial,C,,,,,,3,,,,6,,N,,,,,,,,,,,,,,,,,,,,,,,,,,,,,,,,,,,,,
Larus michahellis,,,,,,67.60 ,8.60 ,422.80 ,1111.90 ,Carnivore,Aquatic predator,Coastal,3,2,Generalist,-7.84 ,37.03 ,wildlife recovery center RIAS in Olhão,,Portugal,,2014-2016,,,,,,,,75,,,,,0.2667,Y,Low,,,,,,,,,,,,,,,,,,,,,,,,,,,,,,,,,,,,
Larus fuscus,,,,,,62.30 ,7.90 ,412.20 ,762.40 ,Carnivore,Aquatic predator,Coastal,3,2,Generalist,-7.84 ,37.03 ,wildlife recovery center RIAS in Olhão,,Portugal,,2014-2016,,,,,,,,62,,,,,0.4677,Y,Low,,,,,,,,,,,,,,,,,,,,,,,,,,,,,,,,,,,,
Ciconia ciconia,3500 ,5000.00 ,10000.00 ,100.00 ,115.00 ,189.10 ,23.50 ,565.60 ,3445.80 ,Carnivore,Omnivore,Grassland,3,3,Terrestrial,-7.84 ,37.03 ,wildlife recovery center RIAS in Olhão,,Portugal,,2014-2016,,,,,,,,9,,,,,1.2222,Y,Low,,,,,,,,,,,,,,,,,,,,,,,,,,,,,,,,,,,,
Hydrobates pelagicus,,,,,,13.70 ,2.30 ,119.00 ,25.20 ,Carnivore,Aquatic predator,Marine,3,3,Aerial,9.10 ,40.25 ,Sardinia,,Italy,,2019,,,,,,,30,14,,,,25,1.86,Y,Low,,,,,,,,,,,,,,,,,,,,,,,,,,,,,,,,,,,,
Fulmarus glacialis,300 ,450.00 ,1000.00 ,45.00 ,50.00 ,41.30 ,11.90 ,321.10 ,611.90 ,Carnivore,Aquatic predator,Marine,3,3,Aquatic,-56.10 ,54.38 ,Eastern shore of Labrador,,,,2014,,,,,,,39,,,,,,5.9,Y,Low,0.114,,,,,,,,,,,,,,,,,,,,,,,,,,,,,,,,,,,
Fulmarus glacialis,300 ,450.00 ,1000.00 ,45.00 ,50.00 ,41.30 ,11.90 ,321.10 ,611.90 ,Carnivore,Aquatic predator,Marine,3,3,Aquatic,-56.10 ,54.38 ,Eastern shore of Labrador,,,,2015,,,,,,,31,,,,,,18.7,Y,Moderate,0.198,,,,,,,,,,,,,,,,,,,,,,,,,,,,,,,,,,,
Fulmarus glacialis,300 ,450.00 ,1000.00 ,45.00 ,50.00 ,41.30 ,11.90 ,321.10 ,611.90 ,Carnivore,Aquatic predator,Marine,3,3,Aquatic,-56.10 ,54.38 ,Eastern shore of Labrador,,,,pooled,,,,,,,70,,,,,,11.6,Y,Moderate,0.151,,,,,,,,,,,,,,,,,,,,,,,,,,,,,,,,,,,
Fulmarus glacialis,300 ,450.00 ,1000.00 ,45.00 ,50.00 ,41.30 ,11.90 ,321.10 ,611.90 ,Carnivore,Aquatic predator,Marine,3,3,Aquatic,-53.14 ,54.21 ,Labrador Sea,,,,,Pelagic,,Fecal precursor,,,,30,,,,,,1.9,Y,Low,,,,,,,,,,,,,,,,,,,,,,,,,,,,,,,,,,,,
Fulmarus glacialis,300 ,450.00 ,1000.00 ,45.00 ,50.00 ,41.30 ,11.90 ,321.10 ,611.90 ,Carnivore,Aquatic predator,Marine,3,3,Aquatic,-53.14 ,54.21 ,Labrador Sea,,,,,Pelagic,,Stomach,,,,30,,,,,,22,Y,Moderate,,,,,,,,,,,,,,,,,,,,,,,,,,,,,,,,,,,,
Fulmarus glacialis,300 ,450.00 ,1000.00 ,45.00 ,50.00 ,41.30 ,11.90 ,321.10 ,611.90 ,Carnivore,Aquatic predator,Marine,3,3,Aquatic,-53.14 ,54.21 ,Newfoundland and Labrador,,,,2015,,,,,,,,,,,,4,,Y,,0.094,,,,,,,,,,,,,,,,,,,,,,,,,,,,,,,,,,,
Fulmarus glacialis,300 ,450.00 ,1000.00 ,45.00 ,50.00 ,41.30 ,11.90 ,321.10 ,611.90 ,Carnivore,Aquatic predator,Marine,3,3,Aquatic,-53.14 ,54.21 ,Newfoundland and Labrador,,,,2015,,,,,,,,,,,,13,,Y,,0.376,,,,,,,,,,,,,,,,,,,,,,,,,,,,,,,,,,,
Fulmarus glacialis,300 ,450.00 ,1000.00 ,45.00 ,50.00 ,41.30 ,11.90 ,321.10 ,611.90 ,Carnivore,Aquatic predator,Marine,3,3,Aquatic,-53.14 ,54.21 ,Newfoundland and Labrador,,,,2015,,,,,,,,,,,,0,,N,,0,,,,,,,,,,,,,,,,,,,,,,,,,,,,,,,,,,,
Fulmarus glacialis,300 ,450.00 ,1000.00 ,45.00 ,50.00 ,41.30 ,11.90 ,321.10 ,611.90 ,Carnivore,Aquatic predator,Marine,3,3,Aquatic,-53.14 ,54.21 ,Newfoundland and Labrador,,,,2015,,,,,,,,,,,,74,,Y,,0.713,,,,,,,,,,,,,,,,,,,,,,,,,,,,,,,,,,,
Fulmarus glacialis,300 ,450.00 ,1000.00 ,45.00 ,50.00 ,41.30 ,11.90 ,321.10 ,611.90 ,Carnivore,Aquatic predator,Marine,3,3,Aquatic,-53.14 ,54.21 ,Newfoundland and Labrador,,,,2015,,,,,,,,,,,,23,,Y,,1.504,,,,,,,,,,,,,,,,,,,,,,,,,,,,,,,,,,,
Fulmarus glacialis,300 ,450.00 ,1000.00 ,45.00 ,50.00 ,41.30 ,11.90 ,321.10 ,611.90 ,Carnivore,Aquatic predator,Marine,3,3,Aquatic,-53.14 ,54.21 ,Newfoundland and Labrador,,,,2015,,,,,,,,,,,,12,,Y,,0.082,,,,,,,,,,,,,,,,,,,,,,,,,,,,,,,,,,,
Fulmarus glacialis,300 ,450.00 ,1000.00 ,45.00 ,50.00 ,41.30 ,11.90 ,321.10 ,611.90 ,Carnivore,Aquatic predator,Marine,3,3,Aquatic,-53.14 ,54.21 ,Newfoundland and Labrador,,,,2015,,,,,,,,,,,,45,,Y,,0.352,,,,,,,,,,,,,,,,,,,,,,,,,,,,,,,,,,,
Fulmarus glacialis,300 ,450.00 ,1000.00 ,45.00 ,50.00 ,41.30 ,11.90 ,321.10 ,611.90 ,Carnivore,Aquatic predator,Marine,3,3,Aquatic,-53.14 ,54.21 ,Newfoundland and Labrador,,,,2015,,,,,,,,,,,,21,,Y,,0.453,,,,,,,,,,,,,,,,,,,,,,,,,,,,,,,,,,,
Fulmarus glacialis,300 ,450.00 ,1000.00 ,45.00 ,50.00 ,41.30 ,11.90 ,321.10 ,611.90 ,Carnivore,Aquatic predator,Marine,3,3,Aquatic,-53.14 ,54.21 ,Newfoundland and Labrador,,,,2015,,,,,,,,,,,,24,,Y,,0.422,,,,,,,,,,,,,,,,,,,,,,,,,,,,,,,,,,,
Fulmarus glacialis,300 ,450.00 ,1000.00 ,45.00 ,50.00 ,41.30 ,11.90 ,321.10 ,611.90 ,Carnivore,Aquatic predator,Marine,3,3,Aquatic,-53.14 ,54.21 ,Newfoundland and Labrador,,,,2015,,,,,,,,,,,,100,,Y,,0.561,,,,,,,,,,,,,,,,,,,,,,,,,,,,,,,,,,,
Fulmarus glacialis,300 ,450.00 ,1000.00 ,45.00 ,50.00 ,41.30 ,11.90 ,321.10 ,611.90 ,Carnivore,Aquatic predator,Marine,3,3,Aquatic,-53.14 ,54.21 ,Newfoundland and Labrador,,,,2015,,,,,,,,,,,,31.6,,Y,,0.4656,,,,,,,,,,,,,,,,,,,,,,,,,,,,,,,,,,,
Spheniscus magellanicus,85 ,2500.00 ,7500.00 ,11.20 ,16.90 ,60.20 ,10.20 ,109.60 ,4105.10 ,Carnivore,Aquatic predator,Marine,3,2,Aquatic,-60.10 ,-37.21 ,Coast of southern Buenos Aires province,Buenos Aires,Argentina,,2019,,,,,,,9,,,,,86,,N,,,,,,,,,,,,,,,,,,,,,,,,,,,,,,,,,,,,,
Spheniscus magellanicus,85 ,2500.00 ,7500.00 ,11.20 ,16.90 ,60.20 ,10.20 ,109.60 ,4105.10 ,Carnivore,Aquatic predator,Marine,3,2,Aquatic,-60.10 ,-37.21 ,Coast of southern Buenos Aires province,Buenos Aires,Argentina,,2020,,,,,,,10,,,,,63,,N,,,,,,,,,,,,,,,,,,,,,,,,,,,,,,,,,,,,,
Spheniscus magellanicus,85 ,2500.00 ,7500.00 ,11.20 ,16.90 ,60.20 ,10.20 ,109.60 ,4105.10 ,Carnivore,Aquatic predator,Marine,3,2,Aquatic,-60.10 ,-37.21 ,Coast of southern Buenos Aires province,Buenos Aires,Argentina,,2021,,,,,,,2,,,,,98,,N,,,,,,,,,,,,,,,,,,,,,,,,,,,,,,,,,,,,,
Alopochen aegyptiaca,4000 ,1500.00 ,2250.00 ,73.00 ,63.00 ,51.60 ,20.80 ,356.00 ,1873.00 ,Herbivore,Omnivore,Wetland,3,2,Generalist,25.57 ,-26.58 ,Barberspan Nature Reserve,,,,2013-2014,,,,,,,115,,,,,,,N,,,,,,,,,,,,,,,,,,,,,,,,,,,,,,,,,,,,,
Anas undulata,3890 ,,,,,53.30 ,18.70 ,240.60 ,1008.00 ,Herbivore,Herbivore aquatic,Wetland,3,2,Aquatic,25.57 ,-26.58 ,Barberspan Nature Reserve,,,,2013-2014,,,,,,,60,,,,,,,N,,,,,,,,,,,,,,,,,,,,,,,,,,,,,,,,,,,,,
Anas erythrorhyncha,2450 ,,,,,43.80 ,15.90 ,215.00 ,558.80 ,Herbivore,Herbivore aquatic,Wetland,3,2,Aquatic,25.57 ,-26.58 ,Barberspan Nature Reserve,,,,2013-2014,,,,,,,35,,,,,,,N,,,,,,,,,,,,,,,,,,,,,,,,,,,,,,,,,,,,,
Plectropterus gambensis,,,,,,78.60 ,30.50 ,522.60 ,3869.00 ,Herbivore,Omnivore,Wetland,3,3,Terrestrial,25.57 ,-26.58 ,Barberspan Nature Reserve,,,,2013-2014,,,,,,,30,,,,,,,N,,,,,,,,,,,,,,,,,,,,,,,,,,,,,,,,,,,,,
Dendrocygna viduata,3000 ,,,,,48.10 ,15.70 ,214.30 ,690.00 ,Herbivore,Herbivore aquatic,Wetland,3,2,Aquatic,25.57 ,-26.58 ,Barberspan Nature Reserve,,,,2013-2014,,,,,,,8,,,,,,,N,,,,,,,,,,,,,,,,,,,,,,,,,,,,,,,,,,,,,
Anas capensis,2420 ,,,,,39.60 ,14.80 ,193.20 ,402.00 ,Omnivore,Aquatic predator,Wetland,3,2,Aquatic,25.57 ,-26.58 ,Barberspan Nature Reserve,,,,2013-2014,,,,,,,,,,,,,,N,,,,,,,,,,,,,,,,,,,,,,,,,,,,,,,,,,,,,
Ardenna gravis,600 ,715.00 ,950.00 ,,,54.70 ,8.30 ,317.80 ,849.00 ,Carnivore,Aquatic predator,Marine,3,3,Aerial,-9.95 ,-40.32 ,Gough,,,,2012,,,,,,,1,,,,,104,,Y,,,,1867,,,,,,,,,,,,,,,,,,,,,,,,,,,,,,,,,
Ardenna gravis,600 ,715.00 ,950.00 ,,,54.70 ,8.30 ,317.80 ,849.00 ,Carnivore,Aquatic predator,Marine,3,3,Aerial,-9.95 ,-40.32 ,Gough,,,,2018,,,,,,,14,,,,,6,,Y,,,,236,,,,,,,,,,,,,,,,,,,,,,,,,,,,,,,,,
Ardenna gravis,600 ,715.00 ,950.00 ,,,54.70 ,8.30 ,317.80 ,849.00 ,Carnivore,Aquatic predator,Marine,3,3,Aerial,-9.95 ,-40.32 ,Nightingale,,,,2019,,,,,,,26,,,,,22,,Y,,,,1294,,,,,,,,,,,,,,,,,,,,,,,,,,,,,,,,,
Ardenna gravis,600 ,715.00 ,950.00 ,,,54.70 ,8.30 ,317.80 ,849.00 ,Carnivore,Aquatic predator,Marine,3,3,Aerial,-50.42 ,-30.42 ,Brazil,,,,2017,,,,,,,13,,,,,9,,Y,,,,311,,,,,,,,,,,,,,,,,,,,,,,,,,,,,,,,,
Ardenna gravis,600 ,715.00 ,950.00 ,,,54.70 ,8.30 ,317.80 ,849.00 ,Carnivore,Aquatic predator,Marine,3,3,Aerial,-77.00 ,35.27 ,SE NC,,,,2017,,,,,,,15,,,,,12,,Y,,,,181,,,,,,,,,,,,,,,,,,,,,,,,,,,,,,,,,
Ardenna gravis,600 ,715.00 ,950.00 ,,,54.70 ,8.30 ,317.80 ,849.00 ,Carnivore,Aquatic predator,Marine,3,3,Aerial,-70.95 ,42.33 ,Mass. Bay,,,,2017,,,,,,,6,,,,,9,,Y,,,,164,,,,,,,,,,,,,,,,,,,,,,,,,,,,,,,,,
Ardenna gravis,600 ,715.00 ,950.00 ,,,54.70 ,8.30 ,317.80 ,849.00 ,Carnivore,Aquatic predator,Marine,3,3,Aerial,-70.95 ,42.33 ,Mass. Bay,,,,2008,,,,,,,1,,,,,5,,Y,,,,74,,,,,,,,,,,,,,,,,,,,,,,,,,,,,,,,,
Ardenna gravis,600 ,715.00 ,950.00 ,,,54.70 ,8.30 ,317.80 ,849.00 ,Carnivore,Aquatic predator,Marine,3,3,Aerial,-70.95 ,42.33 ,Mass. Bay,,,,2010,,,,,,,16,,,,,8,,Y,,,,126,,,,,,,,,,,,,,,,,,,,,,,,,,,,,,,,,
Ardenna gravis,600 ,715.00 ,950.00 ,,,54.70 ,8.30 ,317.80 ,849.00 ,Carnivore,Aquatic predator,Marine,3,3,Aerial,-70.95 ,42.33 ,Mass. Bay,,,,2011,,,,,,,18,,,,,10,,Y,,,,150,,,,,,,,,,,,,,,,,,,,,,,,,,,,,,,,,
Ardenna gravis,600 ,715.00 ,950.00 ,,,54.70 ,8.30 ,317.80 ,849.00 ,Carnivore,Aquatic predator,Marine,3,3,Aerial,-70.95 ,42.33 ,Mass. Bay,,,,2012,,,,,,,23,,,,,8,,Y,,,,154,,,,,,,,,,,,,,,,,,,,,,,,,,,,,,,,,
Ardenna gravis,600 ,715.00 ,950.00 ,,,54.70 ,8.30 ,317.80 ,849.00 ,Carnivore,Aquatic predator,Marine,3,3,Aerial,-70.95 ,42.33 ,Mass. Bay,,,,2014,,,,,,,10,,,,,9,,Y,,,,234,,,,,,,,,,,,,,,,,,,,,,,,,,,,,,,,,
Ardenna gravis,600 ,715.00 ,950.00 ,,,54.70 ,8.30 ,317.80 ,849.00 ,Carnivore,Aquatic predator,Marine,3,3,Aerial,-70.95 ,42.33 ,Mass. Bay,,,,2015,,,,,,,11,,,,,5,,Y,,,,105,,,,,,,,,,,,,,,,,,,,,,,,,,,,,,,,,
Ardenna gravis,600 ,715.00 ,950.00 ,,,54.70 ,8.30 ,317.80 ,849.00 ,Carnivore,Aquatic predator,Marine,3,3,Aerial,-70.95 ,42.33 ,Mass. Bay,,,,2016,,,,,,,10,,,,,4,,Y,,,,68,,,,,,,,,,,,,,,,,,,,,,,,,,,,,,,,,
Ardenna gravis,600 ,715.00 ,950.00 ,,,54.70 ,8.30 ,317.80 ,849.00 ,Carnivore,Aquatic predator,Marine,3,3,Aerial,-70.95 ,42.33 ,Mass. Bay,,,,2017,,,,,,,23,,,,,9,,Y,,,,163,,,,,,,,,,,,,,,,,,,,,,,,,,,,,,,,,
Ardenna gravis,600 ,715.00 ,950.00 ,,,54.70 ,8.30 ,317.80 ,849.00 ,Carnivore,Aquatic predator,Marine,3,3,Aerial,-70.95 ,42.33 ,Mass. Bay,,,,2018,,,,,,,2,,,,,5,,Y,,,,119,,,,,,,,,,,,,,,,,,,,,,,,,,,,,,,,,
Ardenna gravis,600 ,715.00 ,950.00 ,,,54.70 ,8.30 ,317.80 ,849.00 ,Carnivore,Aquatic predator,Marine,3,3,Aerial,-70.95 ,42.33 ,Mass. Bay,,,,2019,,,,,,,19,,,,,10,,Y,,,,172,,,,,,,,,,,,,,,,,,,,,,,,,,,,,,,,,
Ardenna tenuirostris,,,,,,37.20 ,6.50 ,262.20 ,559.00 ,Carnivore,Aquatic predator,Marine,3,3,Generalist,145.25 ,-38.48 ,Philip Island,,,,2015-2016,,,,,,,26,,,,,,8.23,Y,Low,0.24,,,,,,,,,,,,,,,,,,,,,,,,,,,,,,,,,,,
Ardenna tenuirostris,,,,,,37.20 ,6.50 ,262.20 ,559.00 ,Carnivore,Aquatic predator,Marine,3,3,Generalist,145.25 ,-38.48 ,Philip Island,,,,2015-2016,,,,,,,114,,,,,,7.11,Y,Low,0.13,,,,,,,,,,,,,,,,,,,,,,,,,,,,,,,,,,,
Larus dominicanus,,,,,,64.70 ,8.60 ,402.00 ,952.40 ,Carnivore,Omnivore,Marine,3,1,Generalist,-71.69 ,-33.42 ,Biobío region,,Chile,,2021-2022,,,,,,,14,,,,,,,N,,,,,,,,,,,,,,,,,,,,,,,,,,,,,,,,,,,,,
Spheniscus magellanicus,85 ,2500.00 ,7500.00 ,11.20 ,16.90 ,60.20 ,10.20 ,109.60 ,4105.10 ,Carnivore,Aquatic predator,Marine,3,2,Aquatic,-71.69 ,-33.42 ,Biobío region,,Chile,,2021-2023,,,,,,,8,,,,,,,N,,,,,,,,,,,,,,,,,,,,,,,,,,,,,,,,,,,,,
Spheniscus humboldti,80 ,4000.00 ,5000.00 ,66.00 ,70.00 ,63.70 ,9.10 ,105.20 ,4366.40 ,Carnivore,Aquatic predator,Marine,3,2,Aquatic,-71.69 ,-33.42 ,Biobío region,,Chile,,2021-2024,,,,,,,1,,,,,,,N,,,,,,,,,,,,,,,,,,,,,,,,,,,,,,,,,,,,,
Strix varia,3100 ,630.00 ,800.00 ,48.00 ,51.00 ,38.80 ,11.20 ,341.20 ,711.50 ,Carnivore,Vertivore,Forest,2,1,Insessorial,-126.56 ,54.54 ,British Columbia,,Canada,,2013 and 2021,,,,,,,,,,,,1,,Y,,0.01,,,,,,,,,,,,,,,,,,,,,,,,,,,,,,,,,,,
Strix varia,3100 ,630.00 ,800.00 ,48.00 ,51.00 ,38.80 ,11.20 ,341.20 ,711.50 ,Carnivore,Vertivore,Forest,2,1,Insessorial,-126.56 ,54.54 ,British Columbia,,Canada,,2013 and 2021,,,,,,,,,,,,1,,Y,,0.01,,,,,,,,,,,,,,,,,,,,,,,,,,,,,,,,,,,
Strix varia,3100 ,630.00 ,800.00 ,48.00 ,51.00 ,38.80 ,11.20 ,341.20 ,711.50 ,Carnivore,Vertivore,Forest,2,1,Insessorial,-126.56 ,54.54 ,British Columbia,,Canada,,2013 and 2021,,,,,,,,,,,,1,,Y,,0.01,,,,,,,,,,,,,,,,,,,,,,,,,,,,,,,,,,,
Haliaeetus leucocephalus,2000 ,3175.00 ,4300.00 ,79.00 ,94.00 ,76.00 ,24.00 ,601.80 ,4700.60 ,Carnivore,Omnivore,Wetland,3,3,Generalist,-126.56 ,54.54 ,British Columbia,,Canada,,2013 and 2021,,,,,,,,,,,,119,,Y,,11.06,,,,,,,,,,,,,,,,,,,,,,,,,,,,,,,,,,,
Haliaeetus leucocephalus,2000 ,3175.00 ,4300.00 ,79.00 ,94.00 ,76.00 ,24.00 ,601.80 ,4700.60 ,Carnivore,Omnivore,Wetland,3,3,Generalist,-126.56 ,54.54 ,British Columbia,,Canada,,2013 and 2021,,,,,,,,,,,,4,,Y,,0.37,,,,,,,,,,,,,,,,,,,,,,,,,,,,,,,,,,,
Tachycineta bicolor,50 ,,19.00 ,,14.00 ,10.80 ,3.80 ,115.90 ,21.20 ,Carnivore,Invertivore,Wetland,3,3,Aerial,-80.03 ,43.45 ,Southern Ontario,,Canada,,2004,,WWTP,GI,,,,20,,,,,226,11.3,Y,Moderate,,,,,,,,,,,,,,,,,,,,,,,,,,,,,,,,,,,,
Tachycineta bicolor,50 ,,19.00 ,,14.00 ,10.80 ,3.80 ,115.90 ,21.20 ,Carnivore,Invertivore,Wetland,3,3,Aerial,-80.03 ,43.45 ,Southern Ontario,,Canada,,2004,,Reference,GI,,,,20,,,,,102,5.1,Y,Low,,,,,,,,,,,,,,,,,,,,,,,,,,,,,,,,,,,,
Tachycineta bicolor,50 ,,19.00 ,,14.00 ,10.80 ,3.80 ,115.90 ,21.20 ,Carnivore,Invertivore,Wetland,3,3,Aerial,-80.03 ,43.45 ,Southern Ontario,,Canada,,2004,,WWTP,Fecal sac,,,,20,,,,,118,5.9,Y,Low,,,,,,,,,,,,,,,,,,,,,,,,,,,,,,,,,,,,
Tachycineta bicolor,50 ,,19.00 ,,14.00 ,10.80 ,3.80 ,115.90 ,21.20 ,Carnivore,Invertivore,Wetland,3,3,Aerial,-80.03 ,43.45 ,Southern Ontario,,Canada,,2004,,Reference,Fecal sac,,,,20,,,,,174,8.7,Y,Low,,,,,,,,,,,,,,,,,,,,,,,,,,,,,,,,,,,,
Larus delawarensis,100 ,300.00 ,700.00 ,43.00 ,54.00 ,48.10 ,6.20 ,366.00 ,516.30 ,Carnivore,Omnivore,Coastal,3,2,Terrestrial,45.71 ,73.44 ,Deslauriers Island,,Canada,North America,2016,,,,,,,44,29,,,,164,3.7,Y,Low,,,,,,,,,,,,,,,,,,,,,,,,,,,,,,,,,,,,
Columba livia,4500 ,,358.70 ,,,23.20 ,4.30 ,219.60 ,354.20 ,Herbivore,Granivore,Human modified,3,1,Terrestrial,139.91 ,35.53 ,Tokyo Bay,,Japan,Asia,2021,,,,,,,8,2,,,,,,N,,,,,,,,,,,,,,,,,,,,,,,,,,,,,,,,,,,,,
Milvus migrans,4900 ,0.00 ,540.00 ,47.00 ,60.00 ,40.00 ,13.00 ,457.40 ,734.10 ,Omnivore,Omnivore,Woodland,3,3,Aerial,139.91 ,35.53 ,Tokyo Bay,,Japan,Asia,2021,,,,,,,6,0,,,,,0,N,,,,,,,,,,,,,,,,,,,,,,,,,,,,,,,,,,,,,
Hirundo rustica,3000 ,17.00 ,20.00 ,14.60 ,19.60 ,12.40 ,4.50 ,115.80 ,17.90 ,Carnivore,Invertivore,Human modified,3,3,Aerial,136.74 ,34.74 ,Isle Bay,,Japan,Asia,2021,,,,,,,8,1,,,,,,N,,,,,,,,,,,,,,,,,,,,,,,,,,,,,,,,,,,,,
Ardenna pacifica,100 ,,,,,40.90 ,7.90 ,296.80 ,388.00 ,Carnivore,Aquatic predator,Marine,3,3,Generalist,151.91 ,-23.44 ,Heron Island,,,,,,Near-shore,,,,,50,1,,,,,1.1,Y,Low,,,,,,,,,,,,,,,,,,,,,,,,,,,,,,,,,,,,
Ardenna pacifica,100 ,,,,,40.90 ,7.90 ,296.80 ,388.00 ,Carnivore,Aquatic predator,Marine,3,3,Generalist,151.91 ,-23.44 ,Heron Island,,,,,,Offshore,,,,,50,2,,,,,1,Y,Low,,,,,,,,,,,,,,,,,,,,,,,,,,,,,,,,,,,,
Ardenna pacifica,100 ,,,,,40.90 ,7.90 ,296.80 ,388.00 ,Carnivore,Aquatic predator,Marine,3,3,Generalist,151.91 ,-23.44 ,Heron Island,,,,,,overall,,,,,35,1,,,,,1.1,Y,Low,,,,,,,,,,,,,,,,,,,,,,,,,,,,,,,,,,,,
Buteo buteo,2000 ,,,,,35.90 ,12.60 ,382.90 ,759.10 ,Carnivore,Vertivore,Grassland,3,2,Insessorial,-3.78 ,40.51 ,wildlife hospital center Grefa,,Spain,,2020-2022,,,,,,,12,,,,,200,,N,,,,,,,,,,,,,,,,,,,,,,,,,,,,,,,,,,,,,
Milvus migrans,4900 ,,540.00 ,47.00 ,60.00 ,40.00 ,13.00 ,457.40 ,734.10 ,Omnivore,Omnivore,Woodland,3,3,Aerial,-3.78 ,40.51 ,wildlife hospital center Grefa,,Spain,,2020-2022,,,,,,,12,,,,,431,,N,,,,,,,,,,,,,,,,,,,,,,,,,,,,,,,,,,,,,
Accipiter nisus,4500 ,110.00 ,342.00 ,29.00 ,41.00 ,19.60 ,8.40 ,207.40 ,220.80 ,Carnivore,Vertivore,Forest,1,2,Insessorial,-3.78 ,40.51 ,wildlife hospital center Grefa,,Spain,,2020-2022,,,,,,,12,,,,,170,,N,,,,,,,,,,,,,,,,,,,,,,,,,,,,,,,,,,,,,
Accipiter gentilis,3400 ,631.00 ,1364.00 ,55.00 ,61.00 ,33.70 ,11.60 ,337.60 ,866.00 ,Carnivore,Vertivore,Forest,1,2,Generalist,-3.78 ,40.51 ,wildlife hospital center Grefa,,Spain,,2020-2022,,,,,,,11,,,,,239,,N,,,,,,,,,,,,,,,,,,,,,,,,,,,,,,,,,,,,,
Rallus crepitans,,,50.00 ,15.00 ,18.00 ,64.70 ,3.80 ,148.00 ,306.00 ,Carnivore,Aquatic predator,Wetland,1,2,Terrestrial,-89.53 ,30.19 ,Pearl,,United States of America,,2019,,,,,,,35,,,,,29,7.2,Y,Low,,,,,,,,,,,,,,,,,,,,,,,,,,,,,,,,,,,,
Ammospiza maritima,,,,,,16.30 ,4.20 ,60.60 ,22.20 ,Carnivore,Invertivore,Wetland,3,2,Terrestrial,-89.37 ,30.34 ,Jourdan,,United States of America,,2019,,,,,,,36,,,,,25,2.7,Y,Low,,,,,,,,,,,,,,,,,,,,,,,,,,,,,,,,,,,,
Alcedo atthis,3100 ,26.00 ,39.00 ,,17.00 ,42.20 ,5.70 ,73.30 ,31.10 ,Carnivore,Aquatic predator,Reverine,2,1,Insessorial,-88.57 ,30.39 ,Pascagoula,,United States of America,,2019,,,pellets,,,,133,10,,,,12,,N,,,,,,,,,,,,,,,,,,,,,,,,,,,,,,,,,,,,,
Buteo buteo,2000 ,,,,,35.90 ,12.60 ,382.90 ,759.10 ,Carnivore,Vertivore,Grassland,3,2,Insessorial,122.09 ,31.28 ,Wildlife rehabilitation center,Shanghai,China,Asia,2015,Terrestrial,,Esophagus,,,,,,682,39,,,17,Y,Moderate,,,,1.16,,,,,,,,5.88,35.29,,58.82,,,,,,,,,,,,,,,,17.24,75,,7.76,,
Milvus migrans,4900 ,,540.00 ,47.00 ,60.00 ,40.00 ,13.00 ,457.40 ,734.10 ,Omnivore,Omnivore,Woodland,3,3,Aerial,122.09 ,31.28 ,Wildlife rehabilitation center,Shanghai,China,Asia,2015,Terrestrial,,Esophagus,,,,,,724.4,45,,,4,Y,Low,,,,1.38,,,,,,,,25,25,,50,,,,,,,,,,,,,,,,9.09,81.82,,9.09,,
Falco tinnunculus,3500 ,150.00 ,190.00 ,30.00 ,36.00 ,20.80 ,10.60 ,241.00 ,183.20 ,Carnivore,Vertivore,Shrubland,3,3,Aerial,122.09 ,31.28 ,Wildlife rehabilitation center,Shanghai,China,Asia,2015,Terrestrial,,Esophagus,,,,,,191.6,25.4,,,21,Y,Moderate,,,,1.54,,,,,,,,6.67,53.54,,39.79,,,,,,,,,,,,,,,,16.35,77.62,,6.03,,
Hierococcyx sparverioides,3460 ,,,,,30.30 ,7.80 ,235.00 ,151.00 ,Carnivore,Invertivore,Woodland,1,3,Insessorial,122.09 ,31.28 ,Wildlife rehabilitation center,Shanghai,China,Asia,2015,Terrestrial,,Esophagus,,,,,,118.1,23.4,,,11,Y,Moderate,,,,1.95,,,,,,,,5.88,41.18,,17.65,,,,,,,,,,,,,,,,0.86,77.59,,7.76,,
Bubulcus ibis,4080 ,,,,,63.30 ,8.60 ,244.40 ,366.00 ,Carnivore,Omnivore,Human modified,3,2,Terrestrial,122.09 ,31.28 ,Wildlife rehabilitation center,Shanghai,China,Asia,2015,Terrestrial,,Esophagus,,,,,,385.1,24.7,,,10,Y,Low,,,,1.52,,,,,,,,9.09,54.55,,36.36,,,,,,,,,,,,,,,,2.59,10.34,,1.72,,
Tachybaptus ruficollis,1000 ,,,,,23.90 ,4.40 ,100.00 ,169.40 ,Carnivore,Aquatic predator,Wetland,3,1,Aquatic,122.09 ,31.28 ,Wildlife rehabilitation center,Shanghai,China,Asia,2015,Terrestrial,,Esophagus,,,,,,153.7,10,,,0,Y,,,,,1.95,,,,,,,,,,,,,,,,,,,,,,,,,,,,3.45,,,,
Calidris alpina,,45.00 ,65.00 ,16.00 ,22.00 ,36.90 ,2.90 ,115.10 ,51.90 ,Carnivore,Aquatic predator,Wetland,3,3,Terrestrial,122.09 ,31.28 ,Wildlife rehabilitation center,Shanghai,China,Asia,2015,Terrestrial,,Esophagus,,,,,,42,12.5,,,0,Y,,,,,1.53,,,,,,,,,,,,,,,,,,,,,,,,,,,,6.9,,,,
Actitis hypoleucos,,,40.00 ,18.00 ,24.00 ,30.10 ,3.10 ,109.90 ,48.00 ,Carnivore,Aquatic predator,Wetland,3,3,Terrestrial,122.09 ,31.28 ,Wildlife rehabilitation center,Shanghai,China,Asia,2015,Terrestrial,,Esophagus,,,,,,52,9.8,,,0,N,,,,,0,,,,,,,,,,,,,,,,,,,,,,,,,,,,,,,,
Turdus obscurus,1500 ,,,,,22.00 ,4.40 ,119.80 ,62.60 ,Omnivore,Invertivore,Forest,1,3,Insessorial,122.09 ,31.28 ,Wildlife rehabilitation center,Shanghai,China,Asia,2015,Terrestrial,,Esophagus,,,,,,64.4,11.6,,,4,Y,Low,,,,1.66,,,,,,,,,50,,50,,,,,,,,,,,,,,,,,3.45,,0.86,,
Turdus hortulorum,1100 ,,,,,23.30 ,4.90 ,115.80 ,66.70 ,Carnivore,Invertivore,Forest,1,3,Terrestrial,122.09 ,31.28 ,Wildlife rehabilitation center,Shanghai,China,Asia,2015,Terrestrial,,Esophagus,,,,,,61.5,11.5,,,2,Y,Low,,,,1.25,,,,,,,,,100,,,,,,,,,,,,,,,,,,,4.31,,,,
Pica pica,3200 ,145.00 ,210.00 ,45.00 ,60.00 ,40.80 ,12.40 ,194.50 ,217.50 ,Omnivore,Omnivore,Human modified,3,1,Terrestrial,122.09 ,31.28 ,Wildlife rehabilitation center,Shanghai,China,Asia,2015,Terrestrial,,Esophagus,,,,,,171.05,20.35,,,7,Y,Low,,,,3.17,,,,,,,,,17.65,,23.53,,,,,,,,,,,,,,,,,100,,,,
Spilopelia chinensis,2400 ,,,,,19.90 ,3.50 ,138.80 ,159.00 ,Herbivore,Granivore,Woodland,3,1,Terrestrial,122.09 ,31.28 ,Wildlife rehabilitation center,Shanghai,China,Asia,2015,Terrestrial,,Esophagus,,,,,,154.03,15.37,,,10,Y,Low,,,,1.83,,,,,,,,,85.71,,14.29,,,,,,,,,,,,,,,,7.22,85.35,,7.43,,
Buteo buteo,2000 ,,,,,35.90 ,12.60 ,382.90 ,759.10 ,Carnivore,Vertivore,Grassland,3,2,Insessorial,122.09 ,31.28 ,Wildlife rehabilitation center,Shanghai,China,Asia,2015,Terrestrial,,Stomach,,,,,,,,,,,N,,,,,,,,,,,,,,,,,,,,,,,,,,,,,,,,,,,,,
Milvus migrans,4900 ,,540.00 ,47.00 ,60.00 ,40.00 ,13.00 ,457.40 ,734.10 ,Omnivore,Omnivore,Woodland,3,3,Aerial,122.09 ,31.28 ,Wildlife rehabilitation center,Shanghai,China,Asia,2015,Terrestrial,,Stomach,,,,,,,,,,,N,,,,,,,,,,,,,,,,,,,,,,,,,,,,,,,,,,,,,
Falco tinnunculus,3500 ,150.00 ,190.00 ,30.00 ,36.00 ,20.80 ,10.60 ,241.00 ,183.20 ,Carnivore,Vertivore,Shrubland,3,3,Aerial,122.09 ,31.28 ,Wildlife rehabilitation center,Shanghai,China,Asia,2015,Terrestrial,,Stomach,,,,,,,,,,,N,,,,,,,,,,,,,,,,,,,,,,,,,,,,,,,,,,,,,
Hierococcyx sparverioides,3460 ,,,,,30.30 ,7.80 ,235.00 ,151.00 ,Carnivore,Invertivore,Woodland,1,3,Insessorial,122.09 ,31.28 ,Wildlife rehabilitation center,Shanghai,China,Asia,2015,Terrestrial,,Stomach,,,,,,,,,,,N,,,,,,,,,,,,,,,,,,,,,,,,,,,,,,,,,,,,,
Bubulcus ibis,4080 ,,,,,63.30 ,8.60 ,244.40 ,366.00 ,Carnivore,Omnivore,Human modified,3,2,Terrestrial,122.09 ,31.28 ,Wildlife rehabilitation center,Shanghai,China,Asia,2015,Terrestrial,,Stomach,,,,,,,,,,,N,,,,,,,,,,,,,,,,,,,,,,,,,,,,,,,,,,,,,
Tachybaptus ruficollis,1000 ,,,,,23.90 ,4.40 ,100.00 ,169.40 ,Carnivore,Aquatic predator,Wetland,3,1,Aquatic,122.09 ,31.28 ,Wildlife rehabilitation center,Shanghai,China,Asia,2015,Terrestrial,,Stomach,,,,,,,,,,,N,,,,,,,,,,,,,,,,,,,,,,,,,,,,,,,,,,,,,
Calidris alpina,,45.00 ,65.00 ,16.00 ,22.00 ,36.90 ,2.90 ,115.10 ,51.90 ,Carnivore,Aquatic predator,Wetland,3,3,Terrestrial,122.09 ,31.28 ,Wildlife rehabilitation center,Shanghai,China,Asia,2015,Terrestrial,,Stomach,,,,,,,,,,,N,,,,,,,,,,,,,,,,,,,,,,,,,,,,,,,,,,,,,
Actitis hypoleucos,,,40.00 ,18.00 ,24.00 ,30.10 ,3.10 ,109.90 ,48.00 ,Carnivore,Aquatic predator,Wetland,3,3,Terrestrial,122.09 ,31.28 ,Wildlife rehabilitation center,Shanghai,China,Asia,2015,Terrestrial,,Stomach,,,,,,,,,,,N,,,,,,,,,,,,,,,,,,,,,,,,,,,,,,,,,,,,,
Turdus obscurus,1500 ,,,,,22.00 ,4.40 ,119.80 ,62.60 ,Omnivore,Invertivore,Forest,1,3,Insessorial,122.09 ,31.28 ,Wildlife rehabilitation center,Shanghai,China,Asia,2015,Terrestrial,,Stomach,,,,,,,,,,,N,,,,,,,,,,,,,,,,,,,,,,,,,,,,,,,,,,,,,
Turdus hortulorum,1100 ,,,,,23.30 ,4.90 ,115.80 ,66.70 ,Carnivore,Invertivore,Forest,1,3,Terrestrial,122.09 ,31.28 ,Wildlife rehabilitation center,Shanghai,China,Asia,2015,Terrestrial,,Stomach,,,,,,,,,,,N,,,,,,,,,,,,,,,,,,,,,,,,,,,,,,,,,,,,,
Pica pica,3200 ,145.00 ,210.00 ,45.00 ,60.00 ,40.80 ,12.40 ,194.50 ,217.50 ,Omnivore,Omnivore,Human modified,3,1,Terrestrial,122.09 ,31.28 ,Wildlife rehabilitation center,Shanghai,China,Asia,2015,Terrestrial,,Stomach,,,,,,,,,,,N,,,,,,,,,,,,,,,,,,,,,,,,,,,,,,,,,,,,,
Spilopelia chinensis,2400 ,,,,,19.90 ,3.50 ,138.80 ,159.00 ,Herbivore,Granivore,Woodland,3,1,Terrestrial,122.09 ,31.28 ,Wildlife rehabilitation center,Shanghai,China,Asia,2015,Terrestrial,,Stomach,,,,,,,,,,,N,,,,,,,,,,,,,,,,,,,,,,,,,,,,,,,,,,,,,
Buteo buteo,2000 ,,,,,35.90 ,12.60 ,382.90 ,759.10 ,Carnivore,Vertivore,Grassland,3,2,Insessorial,122.09 ,31.28 ,Wildlife rehabilitation center,Shanghai,China,Asia,2015,Terrestrial,,Intestine,,,,,,,,,,,N,,,,,,,,,,,,,,,,,,,,,,,,,,,,,,,,,,,,,
Milvus migrans,4900 ,,540.00 ,47.00 ,60.00 ,40.00 ,13.00 ,457.40 ,734.10 ,Omnivore,Omnivore,Woodland,3,3,Aerial,122.09 ,31.28 ,Wildlife rehabilitation center,Shanghai,China,Asia,2015,Terrestrial,,Intestine,,,,,,,,,,,N,,,,,,,,,,,,,,,,,,,,,,,,,,,,,,,,,,,,,
Falco tinnunculus,3500 ,150.00 ,190.00 ,30.00 ,36.00 ,20.80 ,10.60 ,241.00 ,183.20 ,Carnivore,Vertivore,Shrubland,3,3,Aerial,122.09 ,31.28 ,Wildlife rehabilitation center,Shanghai,China,Asia,2015,Terrestrial,,Intestine,,,,,,,,,,,N,,,,,,,,,,,,,,,,,,,,,,,,,,,,,,,,,,,,,
Hierococcyx sparverioides,3460 ,,,,,30.30 ,7.80 ,235.00 ,151.00 ,Carnivore,Invertivore,Woodland,1,3,Insessorial,122.09 ,31.28 ,Wildlife rehabilitation center,Shanghai,China,Asia,2015,Terrestrial,,Intestine,,,,,,,,,,,N,,,,,,,,,,,,,,,,,,,,,,,,,,,,,,,,,,,,,
Bubulcus ibis,4080 ,,,,,63.30 ,8.60 ,244.40 ,366.00 ,Carnivore,Omnivore,Human modified,3,2,Terrestrial,122.09 ,31.28 ,Wildlife rehabilitation center,Shanghai,China,Asia,2015,Terrestrial,,Intestine,,,,,,,,,,,N,,,,,,,,,,,,,,,,,,,,,,,,,,,,,,,,,,,,,
Tachybaptus ruficollis,1000 ,,,,,23.90 ,4.40 ,100.00 ,169.40 ,Carnivore,Aquatic predator,Wetland,3,1,Aquatic,122.09 ,31.28 ,Wildlife rehabilitation center,Shanghai,China,Asia,2015,Terrestrial,,Intestine,,,,,,,,,,,N,,,,,,,,,,,,,,,,,,,,,,,,,,,,,,,,,,,,,
Calidris alpina,,45.00 ,65.00 ,16.00 ,22.00 ,36.90 ,2.90 ,115.10 ,51.90 ,Carnivore,Aquatic predator,Wetland,3,3,Terrestrial,122.09 ,31.28 ,Wildlife rehabilitation center,Shanghai,China,Asia,2015,Terrestrial,,Intestine,,,,,,,,,,,N,,,,,,,,,,,,,,,,,,,,,,,,,,,,,,,,,,,,,
Actitis hypoleucos,,,40.00 ,18.00 ,24.00 ,30.10 ,3.10 ,109.90 ,48.00 ,Carnivore,Aquatic predator,Wetland,3,3,Terrestrial,122.09 ,31.28 ,Wildlife rehabilitation center,Shanghai,China,Asia,2015,Terrestrial,,Intestine,,,,,,,,,,,N,,,,,,,,,,,,,,,,,,,,,,,,,,,,,,,,,,,,,
Turdus obscurus,1500 ,,,,,22.00 ,4.40 ,119.80 ,62.60 ,Omnivore,Invertivore,Forest,1,3,Insessorial,122.09 ,31.28 ,Wildlife rehabilitation center,Shanghai,China,Asia,2015,Terrestrial,,Intestine,,,,,,,,,,,N,,,,,,,,,,,,,,,,,,,,,,,,,,,,,,,,,,,,,
Turdus hortulorum,1100 ,,,,,23.30 ,4.90 ,115.80 ,66.70 ,Carnivore,Invertivore,Forest,1,3,Terrestrial,122.09 ,31.28 ,Wildlife rehabilitation center,Shanghai,China,Asia,2015,Terrestrial,,Intestine,,,,,,,,,,,N,,,,,,,,,,,,,,,,,,,,,,,,,,,,,,,,,,,,,
Pica pica,3200 ,145.00 ,210.00 ,45.00 ,60.00 ,40.80 ,12.40 ,194.50 ,217.50 ,Omnivore,Omnivore,Human modified,3,1,Terrestrial,122.09 ,31.28 ,Wildlife rehabilitation center,Shanghai,China,Asia,2015,Terrestrial,,Intestine,,,,,,,,,,,N,,,,,,,,,,,,,,,,,,,,,,,,,,,,,,,,,,,,,
Spilopelia chinensis,2400 ,,,,,19.90 ,3.50 ,138.80 ,159.00 ,Herbivore,Granivore,Woodland,3,1,Terrestrial,122.09 ,31.28 ,Wildlife rehabilitation center,Shanghai,China,Asia,2015,Terrestrial,,Intestine,,,,,,,,,,,N,,,,,,,,,,,,,,,,,,,,,,,,,,,,,,,,,,,,,
Pycnonotus sinensis,,,,,,17.90 ,4.40 ,86.70 ,34.20 ,Herbivore,Frugivore,Human modified,2,3,Insessorial,113.07 ,23.60 ,Village in South China,Guangdong,China,Asia,2017,Terrestrial,bird-LV,Stomach,KOH,60,,10,,,,,,273,Y,Maxmimum,7.17,,,,4.82 ,13.29 ,81.88 ,,,,,,,,,,,,,,,,,,,,,,,,,,,,,
Pycnonotus aurigaster,2550 ,,,,,19.40 ,4.10 ,91.80 ,44.30 ,Herbivore,Omnivore,Shrubland,2,1,Insessorial,113.07 ,23.60 ,Village in South China,Guangdong,China,Asia,2017,Terrestrial,bird-SH,Stomach,KOH,60,,10,,,,,,399,Y,Maxmimum,10.6,,,,3.28 ,12.72 ,84.01 ,,,,,,,,,,,,,,,,,,,,,,,,,,,,,
Lanius schach,4300 ,,,,,21.80 ,6.80 ,92.40 ,51.50 ,Carnivore,Invertivore,Shrubland,2,2,Insessorial,113.07 ,23.60 ,Village in South China,Guangdong,China,Asia,2017,Terrestrial,bird-LT,Stomach,KOH,60,,4,,,,,,406,Y,Maxmimum,6.86,,,,2.50 ,12.52 ,84.97 ,,,,,,,,,,,,,,,,,,,,,,,,,,,,,
Copsychus saularis,1900 ,,,,,23.20 ,5.40 ,97.50 ,36.00 ,Carnivore,Invertivore,Woodland,1,1,Terrestrial,113.07 ,23.60 ,Village in South China,Guangdong,China,Asia,2017,Terrestrial,bird-O,Stomach,KOH,60,,16,,,,,,249,Y,Maxmimum,6.57,,,,5.39 ,15.03 ,79.58 ,,,,,,,,,,,,,,,,,,,,,,,,,,,,,
Motacilla alba,5000 ,,,,,16.10 ,3.40 ,87.00 ,23.90 ,Carnivore,Invertivore,Human modified,3,3,Terrestrial,113.07 ,23.60 ,Village in South China,Guangdong,China,Asia,2017,Terrestrial,bird-W,Stomach,KOH,60,,6,,,,,,262,Y,Maxmimum,11.1,,,,3.85 ,14.07 ,82.08 ,,,,,,,,,,,,,,,,,,,,,,,,,,,,,
Parus major,4420 ,,,,,11.30 ,4.00 ,70.90 ,16.30 ,Omnivore,Invertivore,Woodland,2,1,Insessorial,113.07 ,23.60 ,Village in South China,Guangdong,China,Asia,2017,Terrestrial,bird-G,Stomach,KOH,60,,3,,,,,,150,Y,Maxmimum,11.4,,,,4.24 ,10.98 ,89.02 ,,,,,,,,,,,,,,,,,,,,,,,,,,,,,
Gracupica nigricollis,2000 ,,,,,32.40 ,6.00 ,158.10 ,156.90 ,Carnivore,Invertivore,Grassland,3,1,Insessorial,113.07 ,23.60 ,Village in South China,Guangdong,China,Asia,2017,Terrestrial,bird-B,Stomach,KOH,60,,4,,,,,,1250,Y,Maxmimum,9.18,,,,3.85 ,11.75 ,84.39 ,,,,,,,,,,,,,,,,,,,,,,,,,,,,,
Turdus mandarinus,,,,,,30.90 ,5.30 ,146.60 ,102.70 ,Omnivore,Omnivore,Forest,2,1,Generalist,113.07 ,23.60 ,Village in South China,Guangdong,China,Asia,2017,Terrestrial,bird-E,Stomach,KOH,60,,7,,,,,,288,Y,Maxmimum,2.62,,,,5.59 ,13.87 ,80.54 ,,,,,,,,,,,,,,,,,,,,,,,,,,,,,
Spilopelia chinensis,2400 ,,,,,19.90 ,3.50 ,138.80 ,159.00 ,Herbivore,Granivore,Woodland,3,1,Terrestrial,113.07 ,23.60 ,Village in South China,Guangdong,China,Asia,2017,Terrestrial,bird-SD,Stomach,KOH,60,,5,,,,,,304,Y,Maxmimum,1.74,,,,9.44 ,16.96 ,73.60 ,,,,,,,,,,,,,,,,,,,,,,,,,,,,,
Alcedo atthis,3100 ,26.00 ,39.00 ,,17.00 ,42.20 ,5.70 ,73.30 ,31.10 ,Carnivore,Aquatic predator,Reverine,2,1,Insessorial,113.07 ,23.60 ,Village in South China,Guangdong,China,Asia,2017,Freshwater,bird-C,Stomach,KOH,60,,23,,,,,,191,Y,Maxmimum,8.65,,,,4.82 ,18.30 ,76.88 ,,,,,,,,,,,,,,,,,,,,,,,,,,,,,
Numenius phaeopus,,,,,,92.10 ,6.60 ,233.00 ,364.60 ,Carnivore,Omnivore,Grassland,3,3,Terrestrial,111.75 ,16.46 ,yongxing Island,Hainan,China,Asia,2018,Marine,Yongxing Island,"Esophagus, stomach and Intestine",KOH,60,μ-FTIR,1,1,,,,2,2,Y,Low,,,,3.69,,,,,,,,,2,,,,2,,2,,,,,,,,,,,2,,,,,,
Sula sula,100 ,900.00 ,1003.00 ,64.00 ,76.00 ,79.30 ,21.50 ,366.80 ,1031.10 ,Carnivore,Aquatic predator,Marine,3,2,Aerial,111.75 ,16.46 ,yongxing Island,Hainan,China,Asia,2018,Marine,Yongxing Island,Stomach,KOH,60,μ-FTIR,5,3,,,,6,2,Y,Low,,,,,,,,,,5,1,,,,,,4,,1,,1,,,,,,,,,4,2,,,,,
Numenius phaeopus,,,,,,92.10 ,6.60 ,233.00 ,364.60 ,Carnivore,Omnivore,Grassland,3,3,Terrestrial,111.75 ,16.46 ,yongxing Island,Hainan,China,Asia,2018,Marine,Yongxing Island,Stomach,KOH,60,μ-FTIR,1,1,,,,35,35,Y,Maxmimum,,,,2.15,,,,,,,,,1,,,,1,,1,,,,,,,,,,,1,,,,,,
Sula sula,100 ,900.00 ,1003.00 ,64.00 ,76.00 ,79.30 ,21.50 ,366.80 ,1031.10 ,Carnivore,Aquatic predator,Marine,3,2,Aerial,111.75 ,16.46 ,yongxing Island,Hainan,China,Asia,2018,Marine,Yongxing Island,Intestine,KOH,60,μ-FTIR,5,3,,,,3,1,Y,Low,,,,23.45 ,,,,,,,,,1,,,,1,,1,,,,,,,,,,,1,,,,,,
Numenius phaeopus,,,,,,92.10 ,6.60 ,233.00 ,364.60 ,Carnivore,Omnivore,Grassland,3,3,Terrestrial,111.75 ,16.46 ,yongxing Island,Hainan,China,Asia,2018,Marine,Yongxing Island,Intestine,KOH,60,μ-FTIR,1,1,,,,10,10,Y,Low,,,,1.89,,,,,,,,,3,,,,,,,,,,,3,,,,,,,,,,3,,
